Student_ID,Student_Name,Gender,Attendance_Band,Attendance_Band_Order,Risk_Level,Performance_Tier,Subject,Score,Passed,Distinction
STU-0001,Raj Sinha,Male,75-85%,3,Low,Lower Quartile,Math,41.3,True,False
STU-0002,Trisha Iyer,Female,85-95%,4,Low,Mid Range,Math,60.8,True,False
STU-0003,Ira Verma,Female,75-85%,3,Low,Mid Range,Math,57.5,True,False
STU-0004,Raj Mehta,Male,85-95%,4,Low,Mid Range,Math,68.2,True,False
STU-0005,Veer Chauhan,Male,75-85%,3,Low,Mid Range,Math,71.3,True,False
STU-0006,Trisha Bhatt,Female,75-85%,3,Low,Upper Quartile,Math,74.9,True,False
STU-0007,Ishaan Modi,Male,75-85%,3,Low,Lower Quartile,Math,56.2,True,False
STU-0008,Myra Bhatt,Female,75-85%,3,Low,Lower Quartile,Math,55.2,True,False
STU-0009,Nikhil Reddy,Male,75-85%,3,Low,Mid Range,Math,65.2,True,False
STU-0010,Manav Gupta,Male,75-85%,3,Low,Mid Range,Math,59.0,True,False
STU-0011,Kavya Nair,Female,60-75%,2,Low,Mid Range,Math,62.2,True,False
STU-0012,Aanya Menon,Female,85-95%,4,Low,Lower Quartile,Math,45.5,True,False
STU-0013,Saanvi Shah,Female,85-95%,4,Low,Upper Quartile,Math,75.7,True,False
STU-0014,Meera Das,Female,85-95%,4,Low,Mid Range,Math,77.8,True,False
STU-0015,Pooja Iyer,Female,75-85%,3,Low,Mid Range,Math,58.1,True,False
STU-0016,Anika Mehta,Female,60-75%,2,Medium,Lower Quartile,Math,46.3,True,False
STU-0017,Nisha Gupta,Female,75-85%,3,Low,Mid Range,Math,60.0,True,False
STU-0018,Jay Patel,Male,95-100%,5,Low,Mid Range,Math,69.6,True,False
STU-0019,Anika Parekh,Female,60-75%,2,High,Lower Quartile,Math,42.8,True,False
STU-0020,Raj Chauhan,Male,95-100%,5,Low,Mid Range,Math,72.0,True,False
STU-0021,Riya Reddy,Female,75-85%,3,Low,Mid Range,Math,74.2,True,False
STU-0022,Rohan Jain,Male,85-95%,4,Low,Upper Quartile,Math,78.9,True,False
STU-0023,Dev Pandey,Male,95-100%,5,Low,Mid Range,Math,70.6,True,False
STU-0024,Kiara Bose,Female,85-95%,4,Low,Upper Quartile,Math,82.6,True,False
STU-0025,Zara Bose,Female,95-100%,5,Low,Upper Quartile,Math,73.1,True,False
STU-0026,Anika Agarwal,Female,85-95%,4,Low,Mid Range,Math,71.6,True,False
STU-0027,Tanmay Vora,Male,85-95%,4,Low,Top 10%,Math,90.4,True,True
STU-0028,Pooja Parekh,Female,85-95%,4,Low,Mid Range,Math,59.6,True,False
STU-0029,Tara Trivedi,Female,75-85%,3,Low,Mid Range,Math,76.4,True,False
STU-0030,Manav Thakur,Male,85-95%,4,Low,Mid Range,Math,72.1,True,False
STU-0031,Dhruv Mehta,Male,75-85%,3,Low,Mid Range,Math,52.5,True,False
STU-0032,Jay Modi,Male,60-75%,2,Medium,Mid Range,Math,72.2,True,False
STU-0033,Reyansh Bose,Male,75-85%,3,Low,Mid Range,Math,65.0,True,False
STU-0034,Kiara Mehta,Female,75-85%,3,Low,Mid Range,Math,60.6,True,False
STU-0035,Pooja Rana,Female,85-95%,4,Low,Mid Range,Math,65.4,True,False
STU-0036,Dev Menon,Male,60-75%,2,Low,Mid Range,Math,48.0,True,False
STU-0037,Anika Verma,Female,85-95%,4,Low,Mid Range,Math,66.5,True,False
STU-0038,Tara Chauhan,Female,85-95%,4,Low,Mid Range,Math,65.2,True,False
STU-0039,Ayaan Menon,Male,95-100%,5,Low,Mid Range,Math,72.9,True,False
STU-0040,Priya Bose,Female,85-95%,4,Low,Upper Quartile,Math,68.0,True,False
STU-0041,Harsh Desai,Male,85-95%,4,Low,Upper Quartile,Math,74.1,True,False
STU-0042,Jiya Reddy,Female,75-85%,3,Low,Lower Quartile,Math,50.8,True,False
STU-0043,Myra Agarwal,Female,85-95%,4,Low,Mid Range,Math,69.8,True,False
STU-0044,Aarav Verma,Male,85-95%,4,Low,Upper Quartile,Math,85.4,True,True
STU-0045,Ayaan Iyer,Male,60-75%,2,Low,Mid Range,Math,64.7,True,False
STU-0046,Aanya Sharma,Female,95-100%,5,Low,Upper Quartile,Math,79.0,True,False
STU-0047,Jay Shah,Male,75-85%,3,Medium,Lower Quartile,Math,51.7,True,False
STU-0048,Isha Singh,Female,95-100%,5,Low,Mid Range,Math,65.4,True,False
STU-0049,Isha Jain,Female,60-75%,2,Medium,Lower Quartile,Math,44.4,True,False
STU-0050,Aditi Jain,Female,60-75%,2,Low,Mid Range,Math,66.4,True,False
STU-0051,Kiara Malhotra,Female,60-75%,2,Medium,Mid Range,Math,51.6,True,False
STU-0052,Aarav Nair,Male,75-85%,3,Low,Lower Quartile,Math,50.9,True,False
STU-0053,Reyansh Sharma,Male,75-85%,3,Low,Mid Range,Math,63.7,True,False
STU-0054,Dev Verma,Male,85-95%,4,Low,Mid Range,Math,63.7,True,False
STU-0055,Arjun Iyer,Male,75-85%,3,Low,Lower Quartile,Math,48.7,True,False
STU-0056,Harsh Joshi,Male,95-100%,5,Low,Mid Range,Math,76.9,True,False
STU-0057,Kavya Sharma,Female,85-95%,4,Low,Upper Quartile,Math,73.2,True,False
STU-0058,Vihaan Shah,Male,60-75%,2,Low,Mid Range,Math,65.5,True,False
STU-0059,Sneha Jain,Female,75-85%,3,Low,Lower Quartile,Math,50.7,True,False
STU-0060,Vanya Pandey,Female,75-85%,3,Low,Mid Range,Math,63.5,True,False
STU-0061,Myra Bose,Female,75-85%,3,Low,Mid Range,Math,65.5,True,False
STU-0062,Saanvi Parekh,Female,95-100%,5,Low,Mid Range,Math,65.2,True,False
STU-0063,Kunal Kulkarni,Male,95-100%,5,Low,Upper Quartile,Math,65.2,True,False
STU-0064,Sara Shah,Female,95-100%,5,Low,Top 10%,Math,76.4,True,False
STU-0065,Parth Singh,Male,85-95%,4,Low,Upper Quartile,Math,79.4,True,False
STU-0066,Rohan Patel,Male,85-95%,4,Low,Top 10%,Math,92.2,True,True
STU-0067,Shreya Malhotra,Female,85-95%,4,Low,Lower Quartile,Math,48.5,True,False
STU-0068,Karan Kapoor,Male,85-95%,4,Low,Mid Range,Math,70.6,True,False
STU-0069,Sahil Malhotra,Male,75-85%,3,Low,Mid Range,Math,64.1,True,False
STU-0070,Arjun Nair,Male,85-95%,4,Low,Mid Range,Math,50.8,True,False
STU-0071,Meera Agarwal,Female,85-95%,4,Low,Upper Quartile,Math,73.5,True,False
STU-0072,Jay Rana,Male,60-75%,2,Medium,Lower Quartile,Math,47.8,True,False
STU-0073,Dhruv Parekh,Male,75-85%,3,Low,Mid Range,Math,60.2,True,False
STU-0074,Rahul Pandey,Male,60-75%,2,High,Lower Quartile,Math,52.4,True,False
STU-0075,Aditi Sharma,Female,75-85%,3,Medium,Lower Quartile,Math,50.1,True,False
STU-0076,Krish Thakur,Male,85-95%,4,Low,Upper Quartile,Math,78.1,True,False
STU-0077,Nikhil Singh,Male,85-95%,4,Low,Lower Quartile,Math,44.1,True,False
STU-0078,Dev Nair,Male,85-95%,4,Low,Top 10%,Math,89.4,True,True
STU-0079,Isha Iyer,Female,75-85%,3,Low,Mid Range,Math,56.6,True,False
STU-0080,Ritika Bose,Female,75-85%,3,Low,Mid Range,Math,63.4,True,False
STU-0081,Kiara Pandey,Female,60-75%,2,Low,Lower Quartile,Math,53.7,True,False
STU-0082,Dhruv Trivedi,Male,75-85%,3,Low,Mid Range,Math,74.5,True,False
STU-0083,Neel Malhotra,Male,75-85%,3,Low,Mid Range,Math,69.0,True,False
STU-0084,Aditi Trivedi,Female,75-85%,3,Low,Mid Range,Math,67.2,True,False
STU-0085,Ananya Bhatt,Female,75-85%,3,Medium,Lower Quartile,Math,38.6,False,False
STU-0086,Shreya Agarwal,Female,85-95%,4,Low,Mid Range,Math,66.0,True,False
STU-0087,Sahil Patel,Male,60-75%,2,High,Lower Quartile,Math,45.4,True,False
STU-0088,Veer Parekh,Male,75-85%,3,Low,Mid Range,Math,63.0,True,False
STU-0089,Sneha Nair,Female,95-100%,5,Low,Top 10%,Math,94.6,True,True
STU-0090,Tara Agarwal,Female,85-95%,4,Low,Upper Quartile,Math,76.7,True,False
STU-0091,Raj Jain,Male,95-100%,5,Low,Mid Range,Math,64.2,True,False
STU-0092,Naina Jain,Female,75-85%,3,Medium,Lower Quartile,Math,30.7,False,False
STU-0093,Ananya Pandey,Female,85-95%,4,Low,Upper Quartile,Math,70.3,True,False
STU-0094,Vihaan Bose,Male,<60%,1,High,Lower Quartile,Math,63.2,True,False
STU-0095,Pihu Chauhan,Female,85-95%,4,Low,Top 10%,Math,81.9,True,False
STU-0096,Nikhil Thakur,Male,60-75%,2,High,Lower Quartile,Math,31.4,False,False
STU-0097,Tanmay Thakur,Male,85-95%,4,Low,Mid Range,Math,65.9,True,False
STU-0098,Naina Gupta,Female,85-95%,4,Low,Upper Quartile,Math,71.5,True,False
STU-0099,Ananya Nair,Female,75-85%,3,High,Lower Quartile,Math,48.1,True,False
STU-0100,Harsh Malhotra,Male,60-75%,2,Medium,Mid Range,Math,54.8,True,False
STU-0101,Naina Nair,Female,60-75%,2,High,Lower Quartile,Math,52.7,True,False
STU-0102,Kunal Kapoor,Male,85-95%,4,Medium,Lower Quartile,Math,58.9,True,False
STU-0103,Sara Kapoor,Female,75-85%,3,Low,Mid Range,Math,58.7,True,False
STU-0104,Siddharth Pandey,Male,85-95%,4,Low,Upper Quartile,Math,91.6,True,True
STU-0105,Saanvi Verma,Female,85-95%,4,Low,Mid Range,Math,68.0,True,False
STU-0106,Zara Vora,Female,85-95%,4,Low,Mid Range,Math,55.6,True,False
STU-0107,Meera Bhatt,Female,75-85%,3,Low,Lower Quartile,Math,58.7,True,False
STU-0108,Avni Thakur,Female,85-95%,4,Low,Mid Range,Math,74.7,True,False
STU-0109,Siddharth Mehta,Male,75-85%,3,Low,Mid Range,Math,61.8,True,False
STU-0110,Aanya Trivedi,Female,85-95%,4,Low,Mid Range,Math,65.0,True,False
STU-0111,Jay Sharma,Male,75-85%,3,Medium,Lower Quartile,Math,60.4,True,False
STU-0112,Pihu Agarwal,Female,60-75%,2,Low,Mid Range,Math,60.8,True,False
STU-0113,Aanya Reddy,Female,75-85%,3,Low,Mid Range,Math,77.6,True,False
STU-0114,Rohan Bose,Male,85-95%,4,Low,Mid Range,Math,53.6,True,False
STU-0115,Aditi Iyer,Female,<60%,1,High,Lower Quartile,Math,47.7,True,False
STU-0116,Kavya Singh,Male,75-85%,3,Low,Top 10%,Math,78.2,True,False
STU-0117,Aarav Gupta,Male,75-85%,3,Low,Mid Range,Math,71.8,True,False
STU-0118,Ishaan Pandey,Male,85-95%,4,Low,Top 10%,Math,80.8,True,False
STU-0119,Ayaan Trivedi,Male,85-95%,4,High,Lower Quartile,Math,30.8,False,False
STU-0120,Ishaan Kapoor,Male,75-85%,3,Low,Mid Range,Math,55.7,True,False
STU-0121,Raj Verma,Male,75-85%,3,Low,Mid Range,Math,63.3,True,False
STU-0122,Meera Desai,Female,60-75%,2,Low,Lower Quartile,Math,55.0,True,False
STU-0123,Ritika Desai,Female,85-95%,4,Low,Upper Quartile,Math,78.8,True,False
STU-0124,Pranav Das,Male,75-85%,3,Medium,Lower Quartile,Math,47.4,True,False
STU-0125,Riya Sharma,Female,60-75%,2,Low,Mid Range,Math,68.4,True,False
STU-0126,Meera Bose,Female,75-85%,3,Low,Top 10%,Math,76.9,True,False
STU-0127,Ishaan Sharma,Male,75-85%,3,Low,Mid Range,Math,75.6,True,False
STU-0128,Ritika Malhotra,Female,75-85%,3,Low,Mid Range,Math,56.8,True,False
STU-0129,Tara Thakur,Female,85-95%,4,Low,Mid Range,Math,68.7,True,False
STU-0130,Naina Menon,Female,95-100%,5,Low,Top 10%,Math,86.9,True,True
STU-0131,Pooja Thakur,Female,75-85%,3,Low,Mid Range,Math,60.8,True,False
STU-0132,Pihu Bhatt,Female,75-85%,3,Low,Mid Range,Math,66.8,True,False
STU-0133,Dev Das,Male,95-100%,5,Low,Mid Range,Math,66.6,True,False
STU-0134,Riya Patel,Female,75-85%,3,Low,Mid Range,Math,65.6,True,False
STU-0135,Ira Das,Female,95-100%,5,Low,Top 10%,Math,89.6,True,True
STU-0136,Arjun Rana,Male,60-75%,2,Medium,Mid Range,Math,65.4,True,False
STU-0137,Ritika Menon,Female,75-85%,3,Low,Mid Range,Math,55.9,True,False
STU-0138,Rahul Gupta,Male,85-95%,4,Low,Mid Range,Math,76.9,True,False
STU-0139,Harsh Shah,Male,95-100%,5,Low,Top 10%,Math,95.2,True,True
STU-0140,Manav Chauhan,Male,60-75%,2,Medium,Lower Quartile,Math,53.3,True,False
STU-0141,Shreya Chauhan,Female,60-75%,2,High,Lower Quartile,Math,31.0,False,False
STU-0142,Raj Menon,Male,60-75%,2,Medium,Mid Range,Math,60.8,True,False
STU-0143,Kunal Pandey,Male,85-95%,4,Low,Upper Quartile,Math,70.0,True,False
STU-0144,Veer Iyer,Male,60-75%,2,Medium,Mid Range,Math,65.9,True,False
STU-0145,Diya Malhotra,Female,85-95%,4,Low,Mid Range,Math,65.3,True,False
STU-0146,Pihu Shah,Female,85-95%,4,Low,Top 10%,Math,89.2,True,True
STU-0147,Krish Joshi,Male,85-95%,4,Low,Top 10%,Math,74.0,True,False
STU-0148,Rahul Shah,Male,75-85%,3,Low,Lower Quartile,Math,41.0,True,False
STU-0149,Trisha Vora,Female,85-95%,4,Low,Upper Quartile,Math,77.4,True,False
STU-0150,Veer Thakur,Male,85-95%,4,Low,Mid Range,Math,67.5,True,False
STU-0151,Saanvi Chauhan,Female,60-75%,2,Medium,Mid Range,Math,55.8,True,False
STU-0152,Reyansh Kapoor,Male,85-95%,4,Low,Mid Range,Math,61.0,True,False
STU-0153,Naina Agarwal,Female,75-85%,3,Medium,Lower Quartile,Math,65.5,True,False
STU-0154,Arjun Vora,Male,75-85%,3,Low,Mid Range,Math,57.1,True,False
STU-0155,Siddharth Sinha,Male,75-85%,3,Low,Upper Quartile,Math,81.7,True,False
STU-0156,Naina Singh,Female,60-75%,2,High,Lower Quartile,Math,47.7,True,False
STU-0157,Ayaan Vora,Male,60-75%,2,Medium,Mid Range,Math,63.0,True,False
STU-0158,Meera Chauhan,Female,95-100%,5,Low,Upper Quartile,Math,78.7,True,False
STU-0159,Ritika Rana,Female,<60%,1,High,Lower Quartile,Math,27.2,False,False
STU-0160,Kavya Kapoor,Female,60-75%,2,Medium,Mid Range,Math,56.4,True,False
STU-0161,Aditi Kapoor,Female,75-85%,3,Low,Mid Range,Math,65.3,True,False
STU-0162,Priya Iyer,Female,75-85%,3,Low,Mid Range,Math,59.7,True,False
STU-0163,Rahul Chauhan,Male,85-95%,4,Low,Upper Quartile,Math,74.1,True,False
STU-0164,Mihir Singh,Male,<60%,1,High,Lower Quartile,Math,41.7,True,False
STU-0165,Nikhil Jain,Male,85-95%,4,Low,Mid Range,Math,74.7,True,False
STU-0166,Vanya Malhotra,Female,85-95%,4,Low,Upper Quartile,Math,78.9,True,False
STU-0167,Manav Verma,Male,75-85%,3,Low,Upper Quartile,Math,77.7,True,False
STU-0168,Kabir Reddy,Male,<60%,1,High,Lower Quartile,Math,43.4,True,False
STU-0169,Vihaan Verma,Male,85-95%,4,Low,Top 10%,Math,87.1,True,True
STU-0170,Karan Singh,Male,75-85%,3,Low,Mid Range,Math,64.7,True,False
STU-0171,Aditya Singh,Male,85-95%,4,Low,Upper Quartile,Math,74.8,True,False
STU-0172,Veer Vora,Male,75-85%,3,Low,Mid Range,Math,56.5,True,False
STU-0173,Ananya Shah,Female,85-95%,4,Low,Mid Range,Math,70.3,True,False
STU-0174,Ananya Menon,Female,60-75%,2,Medium,Lower Quartile,Math,49.9,True,False
STU-0175,Kiara Chauhan,Female,75-85%,3,Low,Mid Range,Math,69.1,True,False
STU-0176,Neel Kulkarni,Male,85-95%,4,Low,Top 10%,Math,91.8,True,True
STU-0177,Shreya Patel,Female,85-95%,4,Low,Upper Quartile,Math,83.4,True,False
STU-0178,Arjun Gupta,Male,85-95%,4,Low,Upper Quartile,Math,75.0,True,False
STU-0179,Sneha Reddy,Female,85-95%,4,Low,Upper Quartile,Math,72.8,True,False
STU-0180,Kavya Jain,Female,60-75%,2,Low,Mid Range,Math,61.1,True,False
STU-0181,Anika Trivedi,Female,60-75%,2,Low,Mid Range,Math,76.7,True,False
STU-0182,Neel Mehta,Male,60-75%,2,High,Lower Quartile,Math,46.9,True,False
STU-0183,Yash Mehta,Male,85-95%,4,Low,Mid Range,Math,74.8,True,False
STU-0184,Jiya Joshi,Female,60-75%,2,High,Lower Quartile,Math,40.8,True,False
STU-0185,Jay Joshi,Male,60-75%,2,High,Lower Quartile,Math,45.0,True,False
STU-0186,Karan Pandey,Male,75-85%,3,Low,Upper Quartile,Math,77.5,True,False
STU-0187,Rohan Sinha,Male,60-75%,2,Low,Mid Range,Math,66.9,True,False
STU-0188,Karan Verma,Female,75-85%,3,Medium,Lower Quartile,Math,44.7,True,False
STU-0189,Veer Mehta,Male,85-95%,4,Low,Upper Quartile,Math,82.7,True,False
STU-0190,Parth Sinha,Male,75-85%,3,Low,Mid Range,Math,81.5,True,False
STU-0191,Sara Nair,Female,95-100%,5,Low,Mid Range,Math,69.0,True,False
STU-0192,Isha Malhotra,Female,75-85%,3,Low,Mid Range,Math,54.9,True,False
STU-0193,Tara Bose,Female,75-85%,3,Medium,Lower Quartile,Math,45.2,True,False
STU-0194,Dhruv Bose,Male,85-95%,4,Low,Mid Range,Math,67.3,True,False
STU-0195,Trisha Thakur,Female,75-85%,3,Medium,Lower Quartile,Math,42.9,True,False
STU-0196,Reyansh Mehta,Male,95-100%,5,Low,Top 10%,Math,88.2,True,True
STU-0197,Vihaan Kulkarni,Male,60-75%,2,Medium,Lower Quartile,Math,47.8,True,False
STU-0198,Rohan Das,Male,95-100%,5,Low,Mid Range,Math,78.7,True,False
STU-0199,Ayaan Desai,Male,75-85%,3,Low,Mid Range,Math,67.4,True,False
STU-0200,Diya Kapoor,Female,60-75%,2,High,Lower Quartile,Math,40.8,True,False
STU-0201,Yash Iyer,Male,60-75%,2,High,Lower Quartile,Math,50.6,True,False
STU-0202,Naina Desai,Female,75-85%,3,Low,Lower Quartile,Math,43.3,True,False
STU-0203,Reyansh Agarwal,Male,85-95%,4,Low,Mid Range,Math,64.6,True,False
STU-0204,Navya Nair,Female,85-95%,4,Low,Mid Range,Math,63.9,True,False
STU-0205,Mihir Reddy,Male,95-100%,5,Low,Mid Range,Math,72.7,True,False
STU-0206,Rahul Trivedi,Male,<60%,1,High,Lower Quartile,Math,54.2,True,False
STU-0207,Kiara Shah,Female,75-85%,3,Low,Lower Quartile,Math,45.6,True,False
STU-0208,Priya Malhotra,Female,95-100%,5,Low,Upper Quartile,Math,77.1,True,False
STU-0209,Arjun Shah,Male,95-100%,5,Low,Upper Quartile,Math,66.4,True,False
STU-0210,Ira Shah,Female,85-95%,4,Low,Upper Quartile,Math,77.7,True,False
STU-0211,Sahil Chauhan,Male,75-85%,3,Medium,Lower Quartile,Math,52.2,True,False
STU-0212,Shreya Joshi,Female,60-75%,2,Low,Mid Range,Math,63.3,True,False
STU-0213,Ira Mehta,Female,60-75%,2,Medium,Lower Quartile,Math,52.7,True,False
STU-0214,Dhruv Verma,Male,75-85%,3,Low,Mid Range,Math,62.0,True,False
STU-0215,Jiya Patel,Female,85-95%,4,Low,Upper Quartile,Math,67.8,True,False
STU-0216,Tanmay Shah,Male,85-95%,4,Low,Upper Quartile,Math,78.4,True,False
STU-0217,Sahil Jain,Male,60-75%,2,Medium,Lower Quartile,Math,51.2,True,False
STU-0218,Nikhil Mehta,Male,95-100%,5,Low,Upper Quartile,Math,83.8,True,False
STU-0219,Pranav Bhatt,Male,75-85%,3,Low,Mid Range,Math,67.4,True,False
STU-0220,Diya Kulkarni,Female,75-85%,3,Low,Mid Range,Math,57.8,True,False
STU-0221,Rohan Gupta,Male,75-85%,3,Low,Mid Range,Math,64.7,True,False
STU-0222,Aarav Kapoor,Male,60-75%,2,High,Lower Quartile,Math,20.4,False,False
STU-0223,Riya Mehta,Female,85-95%,4,Low,Upper Quartile,Math,87.9,True,True
STU-0224,Siddharth Verma,Male,85-95%,4,Low,Lower Quartile,Math,50.5,True,False
STU-0225,Meera Trivedi,Female,85-95%,4,Low,Mid Range,Math,49.7,True,False
STU-0226,Vihaan Das,Male,85-95%,4,Low,Mid Range,Math,70.5,True,False
STU-0227,Pooja Das,Female,85-95%,4,Low,Top 10%,Math,71.9,True,False
STU-0228,Pihu Das,Female,95-100%,5,Low,Upper Quartile,Math,79.5,True,False
STU-0229,Aditi Malhotra,Female,75-85%,3,Low,Lower Quartile,Math,48.3,True,False
STU-0230,Om Mehta,Male,75-85%,3,Low,Upper Quartile,Math,68.6,True,False
STU-0231,Raj Iyer,Male,85-95%,4,Low,Lower Quartile,Math,60.9,True,False
STU-0232,Aanya Gupta,Female,85-95%,4,Low,Upper Quartile,Math,79.1,True,False
STU-0233,Aditya Sharma,Male,85-95%,4,Low,Mid Range,Math,59.1,True,False
STU-0234,Avni Mehta,Female,85-95%,4,Low,Lower Quartile,Math,48.0,True,False
STU-0235,Raj Bhatt,Male,85-95%,4,Low,Mid Range,Math,68.6,True,False
STU-0236,Shreya Reddy,Female,85-95%,4,Low,Mid Range,Math,46.0,True,False
STU-0237,Isha Joshi,Female,85-95%,4,Low,Mid Range,Math,59.0,True,False
STU-0238,Dev Reddy,Male,75-85%,3,Medium,Lower Quartile,Math,57.5,True,False
STU-0239,Kunal Rana,Male,85-95%,4,Low,Mid Range,Math,71.3,True,False
STU-0240,Anika Gupta,Female,60-75%,2,Low,Mid Range,Math,59.2,True,False
STU-0241,Pranav Joshi,Male,85-95%,4,Low,Mid Range,Math,59.6,True,False
STU-0242,Diya Trivedi,Female,60-75%,2,Medium,Upper Quartile,Math,76.3,True,False
STU-0243,Neel Shah,Male,60-75%,2,Medium,Lower Quartile,Math,61.5,True,False
STU-0244,Anika Shah,Female,85-95%,4,Low,Top 10%,Math,79.8,True,False
STU-0245,Saanvi Pandey,Female,75-85%,3,Low,Mid Range,Math,57.8,True,False
STU-0246,Dev Gupta,Male,75-85%,3,Low,Mid Range,Math,69.3,True,False
STU-0247,Navya Joshi,Female,75-85%,3,Low,Mid Range,Math,59.8,True,False
STU-0248,Kabir Menon,Male,85-95%,4,Low,Mid Range,Math,76.6,True,False
STU-0249,Aditi Patel,Female,60-75%,2,Medium,Lower Quartile,Math,65.2,True,False
STU-0250,Rahul Singh,Male,95-100%,5,Low,Mid Range,Math,70.1,True,False
STU-0251,Tanmay Gupta,Male,85-95%,4,Low,Mid Range,Math,56.0,True,False
STU-0252,Jay Bhatt,Male,85-95%,4,Low,Lower Quartile,Math,49.1,True,False
STU-0253,Kunal Mehta,Male,85-95%,4,Low,Mid Range,Math,61.2,True,False
STU-0254,Karan Thakur,Male,75-85%,3,Low,Lower Quartile,Math,54.9,True,False
STU-0255,Pihu Verma,Female,60-75%,2,Low,Mid Range,Math,61.6,True,False
STU-0256,Sahil Joshi,Male,60-75%,2,High,Lower Quartile,Math,43.1,True,False
STU-0257,Anika Iyer,Female,60-75%,2,Medium,Mid Range,Math,49.9,True,False
STU-0258,Rahul Menon,Male,75-85%,3,Low,Top 10%,Math,82.7,True,False
STU-0259,Om Parekh,Male,75-85%,3,Low,Mid Range,Math,69.0,True,False
STU-0260,Saanvi Bose,Female,60-75%,2,Low,Mid Range,Math,63.4,True,False
STU-0261,Avni Jain,Female,85-95%,4,Low,Mid Range,Math,63.6,True,False
STU-0262,Tanmay Menon,Male,75-85%,3,Low,Mid Range,Math,67.7,True,False
STU-0263,Nikhil Chauhan,Male,75-85%,3,Low,Mid Range,Math,62.3,True,False
STU-0264,Priya Reddy,Female,85-95%,4,Low,Mid Range,Math,67.7,True,False
STU-0265,Vanya Jain,Female,85-95%,4,Low,Top 10%,Math,91.2,True,True
STU-0266,Riya Singh,Female,75-85%,3,Low,Lower Quartile,Math,55.3,True,False
STU-0267,Jay Desai,Male,85-95%,4,Low,Mid Range,Math,66.3,True,False
STU-0268,Vihaan Kapoor,Male,75-85%,3,Low,Lower Quartile,Math,53.0,True,False
STU-0269,Kiara Iyer,Female,85-95%,4,Low,Mid Range,Math,65.8,True,False
STU-0270,Naina Kapoor,Female,75-85%,3,Low,Mid Range,Math,59.3,True,False
STU-0271,Vihaan Vora,Male,75-85%,3,Low,Mid Range,Math,60.8,True,False
STU-0272,Parth Bhatt,Male,75-85%,3,Low,Mid Range,Math,63.6,True,False
STU-0273,Harsh Modi,Male,95-100%,5,Low,Top 10%,Math,79.6,True,False
STU-0274,Avni Shah,Female,60-75%,2,Medium,Lower Quartile,Math,45.7,True,False
STU-0275,Veer Trivedi,Male,75-85%,3,Low,Lower Quartile,Math,49.8,True,False
STU-0276,Harsh Gupta,Male,85-95%,4,Low,Mid Range,Math,55.7,True,False
STU-0277,Yash Gupta,Male,85-95%,4,Low,Top 10%,Math,76.1,True,False
STU-0278,Tara Kapoor,Female,85-95%,4,Low,Mid Range,Math,57.8,True,False
STU-0279,Arjun Thakur,Male,85-95%,4,Low,Mid Range,Math,71.7,True,False
STU-0280,Siddharth Bose,Male,85-95%,4,Low,Mid Range,Math,65.8,True,False
STU-0281,Kabir Agarwal,Male,60-75%,2,High,Lower Quartile,Math,47.9,True,False
STU-0282,Kabir Singh,Male,<60%,1,Medium,Mid Range,Math,58.5,True,False
STU-0283,Pooja Bhatt,Female,75-85%,3,Low,Lower Quartile,Math,47.8,True,False
STU-0284,Karan Rana,Male,85-95%,4,Low,Upper Quartile,Math,65.2,True,False
STU-0285,Kabir Nair,Male,85-95%,4,Low,Lower Quartile,Math,57.0,True,False
STU-0286,Nisha Bose,Female,85-95%,4,Low,Mid Range,Math,59.0,True,False
STU-0287,Rahul Vora,Male,75-85%,3,Low,Top 10%,Math,79.1,True,False
STU-0288,Trisha Shah,Female,75-85%,3,Low,Mid Range,Math,60.9,True,False
STU-0289,Sneha Kulkarni,Female,95-100%,5,Low,Top 10%,Math,81.7,True,False
STU-0290,Rohan Desai,Female,85-95%,4,Low,Mid Range,Math,67.9,True,False
STU-0291,Meera Parekh,Female,85-95%,4,Low,Mid Range,Math,57.8,True,False
STU-0292,Tanmay Nair,Male,95-100%,5,Low,Upper Quartile,Math,77.8,True,False
STU-0293,Trisha Agarwal,Female,85-95%,4,Low,Mid Range,Math,55.8,True,False
STU-0294,Jay Menon,Male,60-75%,2,Medium,Lower Quartile,Math,53.1,True,False
STU-0295,Pihu Joshi,Female,60-75%,2,High,Lower Quartile,Math,52.9,True,False
STU-0296,Vanya Kapoor,Female,85-95%,4,Low,Lower Quartile,Math,54.8,True,False
STU-0297,Anika Jain,Female,75-85%,3,Low,Mid Range,Math,64.1,True,False
STU-0298,Dhruv Malhotra,Male,60-75%,2,High,Lower Quartile,Math,33.7,False,False
STU-0299,Arjun Sharma,Male,95-100%,5,Low,Top 10%,Math,85.7,True,True
STU-0300,Jay Malhotra,Male,75-85%,3,Low,Mid Range,Math,65.2,True,False
STU-0301,Siddharth Jain,Male,85-95%,4,Low,Mid Range,Math,67.1,True,False
STU-0302,Diya Shah,Female,85-95%,4,Low,Top 10%,Math,80.2,True,False
STU-0303,Mihir Bhatt,Male,60-75%,2,Low,Mid Range,Math,63.3,True,False
STU-0304,Priya Kapoor,Female,85-95%,4,Low,Upper Quartile,Math,77.0,True,False
STU-0305,Tara Nair,Female,75-85%,3,Low,Mid Range,Math,74.0,True,False
STU-0306,Dev Thakur,Male,75-85%,3,Low,Top 10%,Math,76.6,True,False
STU-0307,Reyansh Iyer,Male,75-85%,3,Medium,Lower Quartile,Math,57.8,True,False
STU-0308,Pooja Singh,Female,<60%,1,Medium,Mid Range,Math,57.4,True,False
STU-0309,Parth Menon,Male,85-95%,4,Low,Upper Quartile,Math,87.2,True,True
STU-0310,Dev Singh,Male,75-85%,3,Low,Mid Range,Math,58.0,True,False
STU-0311,Aanya Pandey,Female,75-85%,3,Low,Upper Quartile,Math,74.7,True,False
STU-0312,Meera Mehta,Female,85-95%,4,Low,Upper Quartile,Math,83.5,True,False
STU-0313,Ayaan Joshi,Male,85-95%,4,Low,Mid Range,Math,61.1,True,False
STU-0314,Manav Desai,Male,85-95%,4,Low,Mid Range,Math,54.2,True,False
STU-0315,Veer Modi,Male,95-100%,5,Low,Mid Range,Math,68.5,True,False
STU-0316,Ira Rana,Female,85-95%,4,Low,Mid Range,Math,66.9,True,False
STU-0317,Sneha Joshi,Female,60-75%,2,Medium,Mid Range,Math,62.2,True,False
STU-0318,Meera Verma,Female,75-85%,3,Low,Top 10%,Math,76.0,True,False
STU-0319,Riya Iyer,Female,60-75%,2,Medium,Lower Quartile,Math,57.3,True,False
STU-0320,Riya Kulkarni,Female,85-95%,4,Low,Mid Range,Math,72.7,True,False
STU-0321,Yash Agarwal,Male,75-85%,3,Low,Mid Range,Math,66.9,True,False
STU-0322,Harsh Menon,Male,95-100%,5,Low,Upper Quartile,Math,74.6,True,False
STU-0323,Ira Jain,Female,85-95%,4,Low,Top 10%,Math,86.9,True,True
STU-0324,Sneha Singh,Female,85-95%,4,Low,Mid Range,Math,68.1,True,False
STU-0325,Nisha Menon,Female,75-85%,3,Low,Mid Range,Math,68.0,True,False
STU-0326,Ayaan Mehta,Male,75-85%,3,Low,Mid Range,Math,58.3,True,False
STU-0327,Kunal Thakur,Male,75-85%,3,Low,Top 10%,Math,71.8,True,False
STU-0328,Vihaan Thakur,Male,75-85%,3,Low,Mid Range,Math,72.3,True,False
STU-0329,Pranav Menon,Male,75-85%,3,Medium,Lower Quartile,Math,55.0,True,False
STU-0330,Pooja Chauhan,Female,75-85%,3,Low,Mid Range,Math,66.1,True,False
STU-0331,Nisha Iyer,Female,60-75%,2,Medium,Lower Quartile,Math,54.4,True,False
STU-0332,Dhruv Vora,Male,85-95%,4,Low,Mid Range,Math,65.8,True,False
STU-0333,Parth Parekh,Male,60-75%,2,Medium,Lower Quartile,Math,52.1,True,False
STU-0334,Myra Chauhan,Female,85-95%,4,Low,Mid Range,Math,60.3,True,False
STU-0335,Yash Parekh,Male,85-95%,4,Low,Top 10%,Math,84.2,True,False
STU-0336,Nisha Nair,Female,85-95%,4,Medium,Lower Quartile,Math,32.8,False,False
STU-0337,Pihu Kulkarni,Male,85-95%,4,Low,Upper Quartile,Math,78.0,True,False
STU-0338,Yash Rana,Male,75-85%,3,Low,Mid Range,Math,65.9,True,False
STU-0339,Kunal Iyer,Male,<60%,1,Medium,Lower Quartile,Math,54.4,True,False
STU-0340,Naina Trivedi,Female,85-95%,4,Low,Mid Range,Math,58.3,True,False
STU-0341,Shreya Bose,Female,85-95%,4,Low,Top 10%,Math,89.8,True,True
STU-0342,Krish Parekh,Male,85-95%,4,Low,Mid Range,Math,72.8,True,False
STU-0343,Ira Sinha,Female,75-85%,3,Low,Mid Range,Math,64.3,True,False
STU-0344,Anika Kapoor,Female,85-95%,4,Low,Upper Quartile,Math,78.3,True,False
STU-0345,Anika Das,Female,60-75%,2,Medium,Lower Quartile,Math,65.2,True,False
STU-0346,Dhruv Shah,Male,95-100%,5,Low,Top 10%,Math,74.6,True,False
STU-0347,Diya Chauhan,Female,75-85%,3,Low,Lower Quartile,Math,55.2,True,False
STU-0348,Ritika Trivedi,Female,85-95%,4,Low,Mid Range,Math,69.9,True,False
STU-0349,Neel Pandey,Male,85-95%,4,Low,Top 10%,Math,88.3,True,True
STU-0350,Vihaan Malhotra,Male,85-95%,4,Low,Upper Quartile,Math,75.2,True,False
STU-0351,Tara Sharma,Male,75-85%,3,Low,Mid Range,Math,64.3,True,False
STU-0352,Reyansh Chauhan,Male,85-95%,4,Low,Mid Range,Math,66.1,True,False
STU-0353,Kabir Parekh,Female,60-75%,2,High,Lower Quartile,Math,34.0,False,False
STU-0354,Tanmay Kapoor,Male,85-95%,4,Low,Mid Range,Math,51.5,True,False
STU-0355,Aanya Chauhan,Female,75-85%,3,Low,Mid Range,Math,66.9,True,False
STU-0356,Vanya Patel,Female,75-85%,3,Low,Mid Range,Math,64.7,True,False
STU-0357,Harsh Trivedi,Male,<60%,1,High,Lower Quartile,Math,50.7,True,False
STU-0358,Diya Sharma,Female,75-85%,3,Low,Mid Range,Math,55.0,True,False
STU-0359,Arjun Agarwal,Male,<60%,1,Medium,Mid Range,Math,54.0,True,False
STU-0360,Vanya Bhatt,Female,75-85%,3,Low,Lower Quartile,Math,54.3,True,False
STU-0361,Ananya Malhotra,Female,85-95%,4,Low,Mid Range,Math,66.7,True,False
STU-0362,Navya Gupta,Female,85-95%,4,Low,Top 10%,Math,93.5,True,True
STU-0363,Manav Singh,Male,60-75%,2,Medium,Mid Range,Math,56.9,True,False
STU-0364,Nisha Bhatt,Female,75-85%,3,Low,Mid Range,Math,74.9,True,False
STU-0365,Manav Trivedi,Male,75-85%,3,Low,Mid Range,Math,49.2,True,False
STU-0366,Shreya Kulkarni,Female,75-85%,3,Low,Lower Quartile,Math,50.2,True,False
STU-0367,Vihaan Sharma,Male,75-85%,3,High,Lower Quartile,Math,30.8,False,False
STU-0368,Vihaan Mehta,Male,60-75%,2,High,Lower Quartile,Math,43.6,True,False
STU-0369,Ayaan Bhatt,Male,85-95%,4,Low,Mid Range,Math,59.9,True,False
STU-0370,Riya Verma,Female,95-100%,5,Low,Mid Range,Math,57.1,True,False
STU-0371,Tanmay Chauhan,Male,60-75%,2,Medium,Mid Range,Math,62.6,True,False
STU-0372,Kiara Nair,Female,85-95%,4,Low,Mid Range,Math,67.4,True,False
STU-0373,Harsh Rana,Male,85-95%,4,Low,Upper Quartile,Math,65.0,True,False
STU-0374,Ishaan Jain,Male,85-95%,4,Low,Top 10%,Math,81.7,True,False
STU-0375,Shreya Sharma,Female,75-85%,3,Low,Mid Range,Math,68.4,True,False
STU-0376,Tanmay Bhatt,Male,85-95%,4,Low,Mid Range,Math,70.7,True,False
STU-0377,Pihu Bose,Female,60-75%,2,Medium,Lower Quartile,Math,55.1,True,False
STU-0378,Riya Thakur,Female,75-85%,3,Low,Mid Range,Math,67.7,True,False
STU-0379,Karan Das,Male,<60%,1,High,Lower Quartile,Math,48.1,True,False
STU-0380,Aditya Nair,Male,75-85%,3,Low,Mid Range,Math,66.0,True,False
STU-0381,Reyansh Singh,Male,75-85%,3,Low,Lower Quartile,Math,58.5,True,False
STU-0382,Tara Pandey,Female,85-95%,4,Low,Mid Range,Math,67.8,True,False
STU-0383,Aditi Das,Female,75-85%,3,Low,Mid Range,Math,68.3,True,False
STU-0384,Kunal Jain,Male,75-85%,3,Medium,Lower Quartile,Math,50.7,True,False
STU-0385,Ayaan Sinha,Male,60-75%,2,Medium,Lower Quartile,Math,41.6,True,False
STU-0386,Kabir Thakur,Male,75-85%,3,Medium,Lower Quartile,Math,65.2,True,False
STU-0387,Neel Desai,Male,85-95%,4,Low,Mid Range,Math,66.8,True,False
STU-0388,Pooja Menon,Female,85-95%,4,Low,Mid Range,Math,68.7,True,False
STU-0389,Navya Vora,Female,95-100%,5,Low,Top 10%,Math,86.1,True,True
STU-0390,Tanmay Desai,Male,95-100%,5,Low,Top 10%,Math,81.0,True,False
STU-0391,Jiya Shah,Female,85-95%,4,Low,Lower Quartile,Math,52.6,True,False
STU-0392,Kabir Mehta,Male,75-85%,3,Low,Mid Range,Math,60.1,True,False
STU-0393,Kunal Trivedi,Male,75-85%,3,Low,Mid Range,Math,63.4,True,False
STU-0394,Saanvi Mehta,Female,75-85%,3,Low,Mid Range,Math,55.6,True,False
STU-0395,Anika Thakur,Female,75-85%,3,Low,Mid Range,Math,67.0,True,False
STU-0396,Navya Singh,Female,75-85%,3,Low,Mid Range,Math,65.3,True,False
STU-0397,Dhruv Rana,Male,85-95%,4,Low,Mid Range,Math,65.2,True,False
STU-0398,Mihir Nair,Male,85-95%,4,Low,Upper Quartile,Math,78.5,True,False
STU-0399,Mihir Desai,Male,75-85%,3,Low,Upper Quartile,Math,72.4,True,False
STU-0400,Arjun Sinha,Male,60-75%,2,Medium,Lower Quartile,Math,60.1,True,False
STU-0401,Avni Joshi,Female,95-100%,5,Low,Top 10%,Math,81.7,True,False
STU-0402,Pihu Desai,Female,85-95%,4,Low,Upper Quartile,Math,83.1,True,False
STU-0403,Ayaan Verma,Male,75-85%,3,Low,Upper Quartile,Math,76.6,True,False
STU-0404,Ananya Vora,Female,85-95%,4,Low,Top 10%,Math,84.2,True,False
STU-0405,Raj Desai,Male,75-85%,3,Low,Mid Range,Math,71.9,True,False
STU-0406,Aanya Modi,Female,60-75%,2,Medium,Lower Quartile,Math,50.6,True,False
STU-0407,Mihir Modi,Male,85-95%,4,Low,Lower Quartile,Math,51.9,True,False
STU-0408,Rohan Joshi,Male,85-95%,4,Low,Upper Quartile,Math,92.0,True,True
STU-0409,Avni Patel,Female,75-85%,3,Low,Mid Range,Math,63.7,True,False
STU-0410,Krish Bhatt,Male,75-85%,3,Low,Lower Quartile,Math,57.2,True,False
STU-0411,Veer Verma,Male,75-85%,3,Low,Lower Quartile,Math,46.9,True,False
STU-0412,Veer Agarwal,Male,75-85%,3,Low,Mid Range,Math,64.7,True,False
STU-0413,Aditya Reddy,Male,85-95%,4,Low,Mid Range,Math,73.6,True,False
STU-0414,Vihaan Bhatt,Male,75-85%,3,Low,Mid Range,Math,65.9,True,False
STU-0415,Aditya Desai,Male,75-85%,3,Low,Mid Range,Math,61.3,True,False
STU-0416,Aditi Kulkarni,Female,60-75%,2,High,Lower Quartile,Math,48.9,True,False
STU-0417,Ananya Joshi,Female,75-85%,3,Low,Upper Quartile,Math,68.3,True,False
STU-0418,Kabir Das,Male,85-95%,4,Low,Upper Quartile,Math,80.9,True,False
STU-0419,Aditya Agarwal,Male,95-100%,5,Low,Upper Quartile,Math,73.9,True,False
STU-0420,Pooja Joshi,Female,75-85%,3,Low,Mid Range,Math,59.1,True,False
STU-0421,Nisha Sharma,Female,60-75%,2,Low,Mid Range,Math,72.6,True,False
STU-0422,Trisha Reddy,Female,<60%,1,High,Lower Quartile,Math,39.3,False,False
STU-0423,Pooja Shah,Female,75-85%,3,Low,Upper Quartile,Math,64.5,True,False
STU-0424,Ritika Verma,Female,75-85%,3,Low,Mid Range,Math,66.9,True,False
STU-0425,Krish Sinha,Male,85-95%,4,Low,Top 10%,Math,83.3,True,False
STU-0426,Om Pandey,Male,85-95%,4,Low,Mid Range,Math,67.2,True,False
STU-0427,Bhavya Singh,Female,60-75%,2,High,Lower Quartile,Math,35.3,False,False
STU-0428,Trisha Das,Female,85-95%,4,Low,Top 10%,Math,76.5,True,False
STU-0429,Ayaan Sharma,Female,85-95%,4,Low,Mid Range,Math,69.4,True,False
STU-0430,Zara Parekh,Female,85-95%,4,Low,Mid Range,Math,67.9,True,False
STU-0431,Manav Kapoor,Male,60-75%,2,High,Lower Quartile,Math,30.1,False,False
STU-0432,Ritika Sinha,Female,85-95%,4,Low,Mid Range,Math,58.3,True,False
STU-0433,Myra Jain,Female,95-100%,5,Low,Upper Quartile,Math,78.4,True,False
STU-0434,Tanmay Parekh,Male,60-75%,2,Low,Mid Range,Math,70.1,True,False
STU-0435,Sahil Vora,Male,75-85%,3,Low,Top 10%,Math,87.2,True,True
STU-0436,Ishaan Trivedi,Male,75-85%,3,Low,Upper Quartile,Math,77.2,True,False
STU-0437,Sneha Chauhan,Female,85-95%,4,Low,Upper Quartile,Math,68.3,True,False
STU-0438,Naina Thakur,Female,85-95%,4,Low,Upper Quartile,Math,65.2,True,False
STU-0439,Siddharth Rana,Male,85-95%,4,Low,Mid Range,Math,78.1,True,False
STU-0440,Karan Sharma,Male,75-85%,3,Low,Top 10%,Math,83.4,True,False
STU-0441,Myra Vora,Female,85-95%,4,Low,Mid Range,Math,54.9,True,False
STU-0442,Dev Shah,Male,60-75%,2,Medium,Lower Quartile,Math,56.7,True,False
STU-0443,Ishaan Joshi,Male,75-85%,3,Medium,Lower Quartile,Math,53.2,True,False
STU-0444,Siddharth Chauhan,Male,75-85%,3,Low,Mid Range,Math,77.9,True,False
STU-0445,Aanya Rana,Male,85-95%,4,Low,Mid Range,Math,56.3,True,False
STU-0446,Sara Sharma,Female,<60%,1,High,Lower Quartile,Math,53.1,True,False
STU-0447,Harsh Bose,Male,85-95%,4,Low,Mid Range,Math,70.9,True,False
STU-0448,Jiya Nair,Female,85-95%,4,Low,Top 10%,Math,73.4,True,False
STU-0449,Ira Bose,Female,60-75%,2,High,Lower Quartile,Math,47.5,True,False
STU-0450,Om Sinha,Male,85-95%,4,Low,Mid Range,Math,64.7,True,False
STU-0451,Naina Vora,Female,<60%,1,Medium,Upper Quartile,Math,76.1,True,False
STU-0452,Jiya Agarwal,Female,75-85%,3,Low,Upper Quartile,Math,78.2,True,False
STU-0453,Om Chauhan,Male,75-85%,3,Low,Mid Range,Math,60.3,True,False
STU-0454,Karan Malhotra,Male,75-85%,3,Low,Mid Range,Math,58.8,True,False
STU-0455,Pooja Vora,Female,75-85%,3,Low,Mid Range,Math,61.4,True,False
STU-0456,Aditi Parekh,Female,75-85%,3,Low,Mid Range,Math,58.9,True,False
STU-0457,Aarav Modi,Male,85-95%,4,Low,Upper Quartile,Math,78.9,True,False
STU-0458,Naina Das,Female,60-75%,2,Medium,Lower Quartile,Math,49.4,True,False
STU-0459,Pooja Trivedi,Female,95-100%,5,Low,Mid Range,Math,66.8,True,False
STU-0460,Reyansh Vora,Male,95-100%,5,Low,Mid Range,Math,70.3,True,False
STU-0461,Shreya Rana,Female,60-75%,2,Low,Mid Range,Math,68.3,True,False
STU-0462,Arjun Verma,Male,60-75%,2,Medium,Lower Quartile,Math,46.1,True,False
STU-0463,Pihu Patel,Female,75-85%,3,Low,Mid Range,Math,74.2,True,False
STU-0464,Parth Nair,Male,60-75%,2,Low,Top 10%,Math,72.6,True,False
STU-0465,Pranav Thakur,Male,60-75%,2,High,Lower Quartile,Math,58.0,True,False
STU-0466,Navya Sharma,Female,75-85%,3,Low,Mid Range,Math,69.2,True,False
STU-0467,Sahil Reddy,Male,75-85%,3,Low,Mid Range,Math,58.6,True,False
STU-0468,Isha Pandey,Female,75-85%,3,High,Lower Quartile,Math,28.0,False,False
STU-0469,Vihaan Sinha,Male,60-75%,2,Low,Lower Quartile,Math,63.3,True,False
STU-0470,Bhavya Shah,Female,85-95%,4,Low,Mid Range,Math,51.1,True,False
STU-0471,Jiya Menon,Female,85-95%,4,Low,Upper Quartile,Math,74.5,True,False
STU-0472,Navya Verma,Female,95-100%,5,Low,Mid Range,Math,71.8,True,False
STU-0473,Mihir Pandey,Male,75-85%,3,Low,Mid Range,Math,71.2,True,False
STU-0474,Aditya Patel,Male,60-75%,2,Medium,Mid Range,Math,57.5,True,False
STU-0475,Priya Mehta,Female,75-85%,3,Low,Top 10%,Math,81.6,True,False
STU-0476,Trisha Kulkarni,Female,85-95%,4,Low,Lower Quartile,Math,50.5,True,False
STU-0477,Anika Malhotra,Female,85-95%,4,Low,Upper Quartile,Math,68.6,True,False
STU-0478,Rohan Bhatt,Male,<60%,1,High,Lower Quartile,Math,39.9,False,False
STU-0479,Priya Kulkarni,Female,85-95%,4,Low,Mid Range,Math,64.6,True,False
STU-0480,Dev Agarwal,Male,85-95%,4,Low,Mid Range,Math,61.3,True,False
STU-0481,Jay Trivedi,Male,85-95%,4,Low,Mid Range,Math,57.5,True,False
STU-0482,Saanvi Thakur,Female,85-95%,4,Low,Mid Range,Math,64.3,True,False
STU-0483,Karan Reddy,Female,85-95%,4,Low,Mid Range,Math,67.9,True,False
STU-0484,Riya Desai,Female,85-95%,4,Low,Mid Range,Math,70.9,True,False
STU-0485,Neel Bose,Male,75-85%,3,Low,Mid Range,Math,67.6,True,False
STU-0486,Aarav Pandey,Male,95-100%,5,Low,Top 10%,Math,81.4,True,False
STU-0487,Aarav Chauhan,Male,95-100%,5,Low,Upper Quartile,Math,86.5,True,True
STU-0488,Pihu Parekh,Female,95-100%,5,Low,Upper Quartile,Math,75.7,True,False
STU-0489,Riya Gupta,Female,85-95%,4,Low,Top 10%,Math,85.9,True,True
STU-0490,Vanya Vora,Female,60-75%,2,Low,Mid Range,Math,63.5,True,False
STU-0491,Sneha Pandey,Female,85-95%,4,Low,Lower Quartile,Math,51.4,True,False
STU-0492,Sneha Bose,Female,75-85%,3,Low,Lower Quartile,Math,51.9,True,False
STU-0001,Raj Sinha,Male,75-85%,3,Low,Lower Quartile,Science,59.7,True,False
STU-0002,Trisha Iyer,Female,85-95%,4,Low,Mid Range,Science,63.7,True,False
STU-0003,Ira Verma,Female,75-85%,3,Low,Mid Range,Science,47.6,True,False
STU-0004,Raj Mehta,Male,85-95%,4,Low,Mid Range,Science,72.2,True,False
STU-0005,Veer Chauhan,Male,75-85%,3,Low,Mid Range,Science,65.1,True,False
STU-0006,Trisha Bhatt,Female,75-85%,3,Low,Upper Quartile,Science,70.3,True,False
STU-0007,Ishaan Modi,Male,75-85%,3,Low,Lower Quartile,Science,56.3,True,False
STU-0008,Myra Bhatt,Female,75-85%,3,Low,Lower Quartile,Science,56.6,True,False
STU-0009,Nikhil Reddy,Male,75-85%,3,Low,Mid Range,Science,55.8,True,False
STU-0010,Manav Gupta,Male,75-85%,3,Low,Mid Range,Science,58.2,True,False
STU-0011,Kavya Nair,Female,60-75%,2,Low,Mid Range,Science,50.6,True,False
STU-0012,Aanya Menon,Female,85-95%,4,Low,Lower Quartile,Science,55.2,True,False
STU-0013,Saanvi Shah,Female,85-95%,4,Low,Upper Quartile,Science,84.5,True,False
STU-0014,Meera Das,Female,85-95%,4,Low,Mid Range,Science,66.3,True,False
STU-0015,Pooja Iyer,Female,75-85%,3,Low,Mid Range,Science,51.7,True,False
STU-0016,Anika Mehta,Female,60-75%,2,Medium,Lower Quartile,Science,45.0,True,False
STU-0017,Nisha Gupta,Female,75-85%,3,Low,Mid Range,Science,62.9,True,False
STU-0018,Jay Patel,Male,95-100%,5,Low,Mid Range,Science,67.0,True,False
STU-0019,Anika Parekh,Female,60-75%,2,High,Lower Quartile,Science,50.6,True,False
STU-0020,Raj Chauhan,Male,95-100%,5,Low,Mid Range,Science,72.6,True,False
STU-0021,Riya Reddy,Female,75-85%,3,Low,Mid Range,Science,70.7,True,False
STU-0022,Rohan Jain,Male,85-95%,4,Low,Upper Quartile,Science,80.0,True,False
STU-0023,Dev Pandey,Male,95-100%,5,Low,Mid Range,Science,74.2,True,False
STU-0024,Kiara Bose,Female,85-95%,4,Low,Upper Quartile,Science,74.8,True,False
STU-0025,Zara Bose,Female,95-100%,5,Low,Upper Quartile,Science,74.6,True,False
STU-0026,Anika Agarwal,Female,85-95%,4,Low,Mid Range,Science,67.6,True,False
STU-0027,Tanmay Vora,Male,85-95%,4,Low,Top 10%,Science,89.2,True,True
STU-0028,Pooja Parekh,Female,85-95%,4,Low,Mid Range,Science,60.8,True,False
STU-0029,Tara Trivedi,Female,75-85%,3,Low,Mid Range,Science,69.9,True,False
STU-0030,Manav Thakur,Male,85-95%,4,Low,Mid Range,Science,58.9,True,False
STU-0031,Dhruv Mehta,Male,75-85%,3,Low,Mid Range,Science,58.6,True,False
STU-0032,Jay Modi,Male,60-75%,2,Medium,Mid Range,Science,53.4,True,False
STU-0033,Reyansh Bose,Male,75-85%,3,Low,Mid Range,Science,65.2,True,False
STU-0034,Kiara Mehta,Female,75-85%,3,Low,Mid Range,Science,60.5,True,False
STU-0035,Pooja Rana,Female,85-95%,4,Low,Mid Range,Science,68.9,True,False
STU-0036,Dev Menon,Male,60-75%,2,Low,Mid Range,Science,59.6,True,False
STU-0037,Anika Verma,Female,85-95%,4,Low,Mid Range,Science,65.5,True,False
STU-0038,Tara Chauhan,Female,85-95%,4,Low,Mid Range,Science,62.9,True,False
STU-0039,Ayaan Menon,Male,95-100%,5,Low,Mid Range,Science,70.1,True,False
STU-0040,Priya Bose,Female,85-95%,4,Low,Upper Quartile,Science,73.1,True,False
STU-0041,Harsh Desai,Male,85-95%,4,Low,Upper Quartile,Science,79.8,True,False
STU-0042,Jiya Reddy,Female,75-85%,3,Low,Lower Quartile,Science,50.4,True,False
STU-0043,Myra Agarwal,Female,85-95%,4,Low,Mid Range,Science,75.1,True,False
STU-0044,Aarav Verma,Male,85-95%,4,Low,Upper Quartile,Science,73.9,True,False
STU-0045,Ayaan Iyer,Male,60-75%,2,Low,Mid Range,Science,51.2,True,False
STU-0046,Aanya Sharma,Female,95-100%,5,Low,Upper Quartile,Science,85.0,True,True
STU-0047,Jay Shah,Male,75-85%,3,Medium,Lower Quartile,Science,36.8,False,False
STU-0048,Isha Singh,Female,95-100%,5,Low,Mid Range,Science,72.9,True,False
STU-0049,Isha Jain,Female,60-75%,2,Medium,Lower Quartile,Science,48.6,True,False
STU-0050,Aditi Jain,Female,60-75%,2,Low,Mid Range,Science,54.7,True,False
STU-0051,Kiara Malhotra,Female,60-75%,2,Medium,Mid Range,Science,51.7,True,False
STU-0052,Aarav Nair,Male,75-85%,3,Low,Lower Quartile,Science,54.7,True,False
STU-0053,Reyansh Sharma,Male,75-85%,3,Low,Mid Range,Science,73.5,True,False
STU-0054,Dev Verma,Male,85-95%,4,Low,Mid Range,Science,55.2,True,False
STU-0055,Arjun Iyer,Male,75-85%,3,Low,Lower Quartile,Science,45.6,True,False
STU-0056,Harsh Joshi,Male,95-100%,5,Low,Mid Range,Science,69.4,True,False
STU-0057,Kavya Sharma,Female,85-95%,4,Low,Upper Quartile,Science,76.2,True,False
STU-0058,Vihaan Shah,Male,60-75%,2,Low,Mid Range,Science,66.1,True,False
STU-0059,Sneha Jain,Female,75-85%,3,Low,Lower Quartile,Science,58.9,True,False
STU-0060,Vanya Pandey,Female,75-85%,3,Low,Mid Range,Science,55.5,True,False
STU-0061,Myra Bose,Female,75-85%,3,Low,Mid Range,Science,56.9,True,False
STU-0062,Saanvi Parekh,Female,95-100%,5,Low,Mid Range,Science,63.4,True,False
STU-0063,Kunal Kulkarni,Male,95-100%,5,Low,Upper Quartile,Science,94.7,True,True
STU-0064,Sara Shah,Female,95-100%,5,Low,Top 10%,Science,89.2,True,True
STU-0065,Parth Singh,Male,85-95%,4,Low,Upper Quartile,Science,73.1,True,False
STU-0066,Rohan Patel,Male,85-95%,4,Low,Top 10%,Science,87.6,True,True
STU-0067,Shreya Malhotra,Female,85-95%,4,Low,Lower Quartile,Science,49.8,True,False
STU-0068,Karan Kapoor,Male,85-95%,4,Low,Mid Range,Science,58.9,True,False
STU-0069,Sahil Malhotra,Male,75-85%,3,Low,Mid Range,Science,64.6,True,False
STU-0070,Arjun Nair,Male,85-95%,4,Low,Mid Range,Science,70.6,True,False
STU-0071,Meera Agarwal,Female,85-95%,4,Low,Upper Quartile,Science,73.6,True,False
STU-0072,Jay Rana,Male,60-75%,2,Medium,Lower Quartile,Science,50.6,True,False
STU-0073,Dhruv Parekh,Male,75-85%,3,Low,Mid Range,Science,55.7,True,False
STU-0074,Rahul Pandey,Male,60-75%,2,High,Lower Quartile,Science,54.0,True,False
STU-0075,Aditi Sharma,Female,75-85%,3,Medium,Lower Quartile,Science,45.9,True,False
STU-0076,Krish Thakur,Male,85-95%,4,Low,Upper Quartile,Science,71.0,True,False
STU-0077,Nikhil Singh,Male,85-95%,4,Low,Lower Quartile,Science,47.2,True,False
STU-0078,Dev Nair,Male,85-95%,4,Low,Top 10%,Science,93.3,True,True
STU-0079,Isha Iyer,Female,75-85%,3,Low,Mid Range,Science,62.2,True,False
STU-0080,Ritika Bose,Female,75-85%,3,Low,Mid Range,Science,57.4,True,False
STU-0081,Kiara Pandey,Female,60-75%,2,Low,Lower Quartile,Science,54.7,True,False
STU-0082,Dhruv Trivedi,Male,75-85%,3,Low,Mid Range,Science,70.2,True,False
STU-0083,Neel Malhotra,Male,75-85%,3,Low,Mid Range,Science,68.4,True,False
STU-0084,Aditi Trivedi,Female,75-85%,3,Low,Mid Range,Science,73.7,True,False
STU-0085,Ananya Bhatt,Female,75-85%,3,Medium,Lower Quartile,Science,45.5,True,False
STU-0086,Shreya Agarwal,Female,85-95%,4,Low,Mid Range,Science,59.0,True,False
STU-0087,Sahil Patel,Male,60-75%,2,High,Lower Quartile,Science,38.2,False,False
STU-0088,Veer Parekh,Male,75-85%,3,Low,Mid Range,Science,73.4,True,False
STU-0089,Sneha Nair,Female,95-100%,5,Low,Top 10%,Science,87.6,True,True
STU-0090,Tara Agarwal,Female,85-95%,4,Low,Upper Quartile,Science,67.1,True,False
STU-0091,Raj Jain,Male,95-100%,5,Low,Mid Range,Science,51.0,True,False
STU-0092,Naina Jain,Female,75-85%,3,Medium,Lower Quartile,Science,59.6,True,False
STU-0093,Ananya Pandey,Female,85-95%,4,Low,Upper Quartile,Science,82.9,True,False
STU-0094,Vihaan Bose,Male,<60%,1,High,Lower Quartile,Science,55.0,True,False
STU-0095,Pihu Chauhan,Female,85-95%,4,Low,Top 10%,Science,91.0,True,True
STU-0096,Nikhil Thakur,Male,60-75%,2,High,Lower Quartile,Science,45.3,True,False
STU-0097,Tanmay Thakur,Male,85-95%,4,Low,Mid Range,Science,55.5,True,False
STU-0098,Naina Gupta,Female,85-95%,4,Low,Upper Quartile,Science,70.5,True,False
STU-0099,Ananya Nair,Female,75-85%,3,High,Lower Quartile,Science,38.9,False,False
STU-0100,Harsh Malhotra,Male,60-75%,2,Medium,Mid Range,Science,67.4,True,False
STU-0101,Naina Nair,Female,60-75%,2,High,Lower Quartile,Science,53.3,True,False
STU-0102,Kunal Kapoor,Male,85-95%,4,Medium,Lower Quartile,Science,52.5,True,False
STU-0103,Sara Kapoor,Female,75-85%,3,Low,Mid Range,Science,57.3,True,False
STU-0104,Siddharth Pandey,Male,85-95%,4,Low,Upper Quartile,Science,70.3,True,False
STU-0105,Saanvi Verma,Female,85-95%,4,Low,Mid Range,Science,71.2,True,False
STU-0106,Zara Vora,Female,85-95%,4,Low,Mid Range,Science,61.1,True,False
STU-0107,Meera Bhatt,Female,75-85%,3,Low,Lower Quartile,Science,59.0,True,False
STU-0108,Avni Thakur,Female,85-95%,4,Low,Mid Range,Science,74.2,True,False
STU-0109,Siddharth Mehta,Male,75-85%,3,Low,Mid Range,Science,55.4,True,False
STU-0110,Aanya Trivedi,Female,85-95%,4,Low,Mid Range,Science,68.2,True,False
STU-0111,Jay Sharma,Male,75-85%,3,Medium,Lower Quartile,Science,51.9,True,False
STU-0112,Pihu Agarwal,Female,60-75%,2,Low,Mid Range,Science,54.9,True,False
STU-0113,Aanya Reddy,Female,75-85%,3,Low,Mid Range,Science,58.7,True,False
STU-0114,Rohan Bose,Male,85-95%,4,Low,Mid Range,Science,53.9,True,False
STU-0115,Aditi Iyer,Female,<60%,1,High,Lower Quartile,Science,59.7,True,False
STU-0116,Kavya Singh,Male,75-85%,3,Low,Top 10%,Science,79.4,True,False
STU-0117,Aarav Gupta,Male,75-85%,3,Low,Mid Range,Science,68.5,True,False
STU-0118,Ishaan Pandey,Male,85-95%,4,Low,Top 10%,Science,81.5,True,False
STU-0119,Ayaan Trivedi,Male,85-95%,4,High,Lower Quartile,Science,52.5,True,False
STU-0120,Ishaan Kapoor,Male,75-85%,3,Low,Mid Range,Science,60.9,True,False
STU-0121,Raj Verma,Male,75-85%,3,Low,Mid Range,Science,62.9,True,False
STU-0122,Meera Desai,Female,60-75%,2,Low,Lower Quartile,Science,56.4,True,False
STU-0123,Ritika Desai,Female,85-95%,4,Low,Upper Quartile,Science,70.7,True,False
STU-0124,Pranav Das,Male,75-85%,3,Medium,Lower Quartile,Science,41.9,True,False
STU-0125,Riya Sharma,Female,60-75%,2,Low,Mid Range,Science,59.1,True,False
STU-0126,Meera Bose,Female,75-85%,3,Low,Top 10%,Science,81.2,True,False
STU-0127,Ishaan Sharma,Male,75-85%,3,Low,Mid Range,Science,74.3,True,False
STU-0128,Ritika Malhotra,Female,75-85%,3,Low,Mid Range,Science,49.2,True,False
STU-0129,Tara Thakur,Female,85-95%,4,Low,Mid Range,Science,55.3,True,False
STU-0130,Naina Menon,Female,95-100%,5,Low,Top 10%,Science,87.2,True,True
STU-0131,Pooja Thakur,Female,75-85%,3,Low,Mid Range,Science,68.2,True,False
STU-0132,Pihu Bhatt,Female,75-85%,3,Low,Mid Range,Science,53.1,True,False
STU-0133,Dev Das,Male,95-100%,5,Low,Mid Range,Science,68.5,True,False
STU-0134,Riya Patel,Female,75-85%,3,Low,Mid Range,Science,54.9,True,False
STU-0135,Ira Das,Female,95-100%,5,Low,Top 10%,Science,72.3,True,False
STU-0136,Arjun Rana,Male,60-75%,2,Medium,Mid Range,Science,63.4,True,False
STU-0137,Ritika Menon,Female,75-85%,3,Low,Mid Range,Science,50.9,True,False
STU-0138,Rahul Gupta,Male,85-95%,4,Low,Mid Range,Science,64.6,True,False
STU-0139,Harsh Shah,Male,95-100%,5,Low,Top 10%,Science,86.9,True,True
STU-0140,Manav Chauhan,Male,60-75%,2,Medium,Lower Quartile,Science,48.5,True,False
STU-0141,Shreya Chauhan,Female,60-75%,2,High,Lower Quartile,Science,36.5,False,False
STU-0142,Raj Menon,Male,60-75%,2,Medium,Mid Range,Science,60.9,True,False
STU-0143,Kunal Pandey,Male,85-95%,4,Low,Upper Quartile,Science,86.3,True,True
STU-0144,Veer Iyer,Male,60-75%,2,Medium,Mid Range,Science,60.6,True,False
STU-0145,Diya Malhotra,Female,85-95%,4,Low,Mid Range,Science,55.0,True,False
STU-0146,Pihu Shah,Female,85-95%,4,Low,Top 10%,Science,85.0,True,True
STU-0147,Krish Joshi,Male,85-95%,4,Low,Top 10%,Science,82.0,True,False
STU-0148,Rahul Shah,Male,75-85%,3,Low,Lower Quartile,Science,42.7,True,False
STU-0149,Trisha Vora,Female,85-95%,4,Low,Upper Quartile,Science,75.9,True,False
STU-0150,Veer Thakur,Male,85-95%,4,Low,Mid Range,Science,65.5,True,False
STU-0151,Saanvi Chauhan,Female,60-75%,2,Medium,Mid Range,Science,69.8,True,False
STU-0152,Reyansh Kapoor,Male,85-95%,4,Low,Mid Range,Science,70.6,True,False
STU-0153,Naina Agarwal,Female,75-85%,3,Medium,Lower Quartile,Science,38.9,False,False
STU-0154,Arjun Vora,Male,75-85%,3,Low,Mid Range,Science,65.6,True,False
STU-0155,Siddharth Sinha,Male,75-85%,3,Low,Upper Quartile,Science,68.4,True,False
STU-0156,Naina Singh,Female,60-75%,2,High,Lower Quartile,Science,48.5,True,False
STU-0157,Ayaan Vora,Male,60-75%,2,Medium,Mid Range,Science,58.5,True,False
STU-0158,Meera Chauhan,Female,95-100%,5,Low,Upper Quartile,Science,73.9,True,False
STU-0159,Ritika Rana,Female,<60%,1,High,Lower Quartile,Science,42.5,True,False
STU-0160,Kavya Kapoor,Female,60-75%,2,Medium,Mid Range,Science,56.9,True,False
STU-0161,Aditi Kapoor,Female,75-85%,3,Low,Mid Range,Science,63.8,True,False
STU-0162,Priya Iyer,Female,75-85%,3,Low,Mid Range,Science,66.9,True,False
STU-0163,Rahul Chauhan,Male,85-95%,4,Low,Upper Quartile,Science,80.8,True,False
STU-0164,Mihir Singh,Male,<60%,1,High,Lower Quartile,Science,44.8,True,False
STU-0165,Nikhil Jain,Male,85-95%,4,Low,Mid Range,Science,63.2,True,False
STU-0166,Vanya Malhotra,Female,85-95%,4,Low,Upper Quartile,Science,81.0,True,False
STU-0167,Manav Verma,Male,75-85%,3,Low,Upper Quartile,Science,75.8,True,False
STU-0168,Kabir Reddy,Male,<60%,1,High,Lower Quartile,Science,42.5,True,False
STU-0169,Vihaan Verma,Male,85-95%,4,Low,Top 10%,Science,81.8,True,False
STU-0170,Karan Singh,Male,75-85%,3,Low,Mid Range,Science,55.7,True,False
STU-0171,Aditya Singh,Male,85-95%,4,Low,Upper Quartile,Science,77.1,True,False
STU-0172,Veer Vora,Male,75-85%,3,Low,Mid Range,Science,64.4,True,False
STU-0173,Ananya Shah,Female,85-95%,4,Low,Mid Range,Science,74.1,True,False
STU-0174,Ananya Menon,Female,60-75%,2,Medium,Lower Quartile,Science,53.8,True,False
STU-0175,Kiara Chauhan,Female,75-85%,3,Low,Mid Range,Science,60.9,True,False
STU-0176,Neel Kulkarni,Male,85-95%,4,Low,Top 10%,Science,89.4,True,True
STU-0177,Shreya Patel,Female,85-95%,4,Low,Upper Quartile,Science,82.2,True,False
STU-0178,Arjun Gupta,Male,85-95%,4,Low,Upper Quartile,Science,81.0,True,False
STU-0179,Sneha Reddy,Female,85-95%,4,Low,Upper Quartile,Science,70.0,True,False
STU-0180,Kavya Jain,Female,60-75%,2,Low,Mid Range,Science,67.6,True,False
STU-0181,Anika Trivedi,Female,60-75%,2,Low,Mid Range,Science,61.2,True,False
STU-0182,Neel Mehta,Male,60-75%,2,High,Lower Quartile,Science,37.2,False,False
STU-0183,Yash Mehta,Male,85-95%,4,Low,Mid Range,Science,64.6,True,False
STU-0184,Jiya Joshi,Female,60-75%,2,High,Lower Quartile,Science,37.8,False,False
STU-0185,Jay Joshi,Male,60-75%,2,High,Lower Quartile,Science,40.0,True,False
STU-0186,Karan Pandey,Male,75-85%,3,Low,Upper Quartile,Science,75.0,True,False
STU-0187,Rohan Sinha,Male,60-75%,2,Low,Mid Range,Science,67.3,True,False
STU-0188,Karan Verma,Female,75-85%,3,Medium,Lower Quartile,Science,63.0,True,False
STU-0189,Veer Mehta,Male,85-95%,4,Low,Upper Quartile,Science,75.4,True,False
STU-0190,Parth Sinha,Male,75-85%,3,Low,Mid Range,Science,62.9,True,False
STU-0191,Sara Nair,Female,95-100%,5,Low,Mid Range,Science,74.2,True,False
STU-0192,Isha Malhotra,Female,75-85%,3,Low,Mid Range,Science,78.7,True,False
STU-0193,Tara Bose,Female,75-85%,3,Medium,Lower Quartile,Science,42.6,True,False
STU-0194,Dhruv Bose,Male,85-95%,4,Low,Mid Range,Science,73.4,True,False
STU-0195,Trisha Thakur,Female,75-85%,3,Medium,Lower Quartile,Science,31.6,False,False
STU-0196,Reyansh Mehta,Male,95-100%,5,Low,Top 10%,Science,83.2,True,False
STU-0197,Vihaan Kulkarni,Male,60-75%,2,Medium,Lower Quartile,Science,41.5,True,False
STU-0198,Rohan Das,Male,95-100%,5,Low,Mid Range,Science,61.1,True,False
STU-0199,Ayaan Desai,Male,75-85%,3,Low,Mid Range,Science,75.8,True,False
STU-0200,Diya Kapoor,Female,60-75%,2,High,Lower Quartile,Science,30.5,False,False
STU-0201,Yash Iyer,Male,60-75%,2,High,Lower Quartile,Science,37.1,False,False
STU-0202,Naina Desai,Female,75-85%,3,Low,Lower Quartile,Science,43.8,True,False
STU-0203,Reyansh Agarwal,Male,85-95%,4,Low,Mid Range,Science,67.8,True,False
STU-0204,Navya Nair,Female,85-95%,4,Low,Mid Range,Science,62.2,True,False
STU-0205,Mihir Reddy,Male,95-100%,5,Low,Mid Range,Science,66.3,True,False
STU-0206,Rahul Trivedi,Male,<60%,1,High,Lower Quartile,Science,58.4,True,False
STU-0207,Kiara Shah,Female,75-85%,3,Low,Lower Quartile,Science,61.8,True,False
STU-0208,Priya Malhotra,Female,95-100%,5,Low,Upper Quartile,Science,79.7,True,False
STU-0209,Arjun Shah,Male,95-100%,5,Low,Upper Quartile,Science,74.8,True,False
STU-0210,Ira Shah,Female,85-95%,4,Low,Upper Quartile,Science,77.7,True,False
STU-0211,Sahil Chauhan,Male,75-85%,3,Medium,Lower Quartile,Science,59.1,True,False
STU-0212,Shreya Joshi,Female,60-75%,2,Low,Mid Range,Science,71.1,True,False
STU-0213,Ira Mehta,Female,60-75%,2,Medium,Lower Quartile,Science,53.0,True,False
STU-0214,Dhruv Verma,Male,75-85%,3,Low,Mid Range,Science,59.6,True,False
STU-0215,Jiya Patel,Female,85-95%,4,Low,Upper Quartile,Science,66.7,True,False
STU-0216,Tanmay Shah,Male,85-95%,4,Low,Upper Quartile,Science,75.9,True,False
STU-0217,Sahil Jain,Male,60-75%,2,Medium,Lower Quartile,Science,51.8,True,False
STU-0218,Nikhil Mehta,Male,95-100%,5,Low,Upper Quartile,Science,72.5,True,False
STU-0219,Pranav Bhatt,Male,75-85%,3,Low,Mid Range,Science,60.3,True,False
STU-0220,Diya Kulkarni,Female,75-85%,3,Low,Mid Range,Science,54.7,True,False
STU-0221,Rohan Gupta,Male,75-85%,3,Low,Mid Range,Science,74.3,True,False
STU-0222,Aarav Kapoor,Male,60-75%,2,High,Lower Quartile,Science,29.3,False,False
STU-0223,Riya Mehta,Female,85-95%,4,Low,Upper Quartile,Science,63.2,True,False
STU-0224,Siddharth Verma,Male,85-95%,4,Low,Lower Quartile,Science,56.0,True,False
STU-0225,Meera Trivedi,Female,85-95%,4,Low,Mid Range,Science,60.6,True,False
STU-0226,Vihaan Das,Male,85-95%,4,Low,Mid Range,Science,63.7,True,False
STU-0227,Pooja Das,Female,85-95%,4,Low,Top 10%,Science,83.4,True,False
STU-0228,Pihu Das,Female,95-100%,5,Low,Upper Quartile,Science,66.8,True,False
STU-0229,Aditi Malhotra,Female,75-85%,3,Low,Lower Quartile,Science,56.1,True,False
STU-0230,Om Mehta,Male,75-85%,3,Low,Upper Quartile,Science,76.0,True,False
STU-0231,Raj Iyer,Male,85-95%,4,Low,Lower Quartile,Science,59.6,True,False
STU-0232,Aanya Gupta,Female,85-95%,4,Low,Upper Quartile,Science,71.1,True,False
STU-0233,Aditya Sharma,Male,85-95%,4,Low,Mid Range,Science,54.8,True,False
STU-0234,Avni Mehta,Female,85-95%,4,Low,Lower Quartile,Science,55.1,True,False
STU-0235,Raj Bhatt,Male,85-95%,4,Low,Mid Range,Science,60.5,True,False
STU-0236,Shreya Reddy,Female,85-95%,4,Low,Mid Range,Science,71.2,True,False
STU-0237,Isha Joshi,Female,85-95%,4,Low,Mid Range,Science,70.2,True,False
STU-0238,Dev Reddy,Male,75-85%,3,Medium,Lower Quartile,Science,44.3,True,False
STU-0239,Kunal Rana,Male,85-95%,4,Low,Mid Range,Science,62.6,True,False
STU-0240,Anika Gupta,Female,60-75%,2,Low,Mid Range,Science,63.2,True,False
STU-0241,Pranav Joshi,Male,85-95%,4,Low,Mid Range,Science,67.0,True,False
STU-0242,Diya Trivedi,Female,60-75%,2,Medium,Upper Quartile,Science,80.5,True,False
STU-0243,Neel Shah,Male,60-75%,2,Medium,Lower Quartile,Science,41.3,True,False
STU-0244,Anika Shah,Female,85-95%,4,Low,Top 10%,Science,88.7,True,True
STU-0245,Saanvi Pandey,Female,75-85%,3,Low,Mid Range,Science,53.6,True,False
STU-0246,Dev Gupta,Male,75-85%,3,Low,Mid Range,Science,58.2,True,False
STU-0247,Navya Joshi,Female,75-85%,3,Low,Mid Range,Science,61.3,True,False
STU-0248,Kabir Menon,Male,85-95%,4,Low,Mid Range,Science,65.1,True,False
STU-0249,Aditi Patel,Female,60-75%,2,Medium,Lower Quartile,Science,42.3,True,False
STU-0250,Rahul Singh,Male,95-100%,5,Low,Mid Range,Science,73.4,True,False
STU-0251,Tanmay Gupta,Male,85-95%,4,Low,Mid Range,Science,60.7,True,False
STU-0252,Jay Bhatt,Male,85-95%,4,Low,Lower Quartile,Science,55.0,True,False
STU-0253,Kunal Mehta,Male,85-95%,4,Low,Mid Range,Science,57.5,True,False
STU-0254,Karan Thakur,Male,75-85%,3,Low,Lower Quartile,Science,49.9,True,False
STU-0255,Pihu Verma,Female,60-75%,2,Low,Mid Range,Science,51.2,True,False
STU-0256,Sahil Joshi,Male,60-75%,2,High,Lower Quartile,Science,47.6,True,False
STU-0257,Anika Iyer,Female,60-75%,2,Medium,Mid Range,Science,56.5,True,False
STU-0258,Rahul Menon,Male,75-85%,3,Low,Top 10%,Science,84.1,True,False
STU-0259,Om Parekh,Male,75-85%,3,Low,Mid Range,Science,68.8,True,False
STU-0260,Saanvi Bose,Female,60-75%,2,Low,Mid Range,Science,42.5,True,False
STU-0261,Avni Jain,Female,85-95%,4,Low,Mid Range,Science,48.1,True,False
STU-0262,Tanmay Menon,Male,75-85%,3,Low,Mid Range,Science,59.1,True,False
STU-0263,Nikhil Chauhan,Male,75-85%,3,Low,Mid Range,Science,60.6,True,False
STU-0264,Priya Reddy,Female,85-95%,4,Low,Mid Range,Science,66.0,True,False
STU-0265,Vanya Jain,Female,85-95%,4,Low,Top 10%,Science,96.4,True,True
STU-0266,Riya Singh,Female,75-85%,3,Low,Lower Quartile,Science,58.0,True,False
STU-0267,Jay Desai,Male,85-95%,4,Low,Mid Range,Science,68.2,True,False
STU-0268,Vihaan Kapoor,Male,75-85%,3,Low,Lower Quartile,Science,52.2,True,False
STU-0269,Kiara Iyer,Female,85-95%,4,Low,Mid Range,Science,61.8,True,False
STU-0270,Naina Kapoor,Female,75-85%,3,Low,Mid Range,Science,65.6,True,False
STU-0271,Vihaan Vora,Male,75-85%,3,Low,Mid Range,Science,71.4,True,False
STU-0272,Parth Bhatt,Male,75-85%,3,Low,Mid Range,Science,64.1,True,False
STU-0273,Harsh Modi,Male,95-100%,5,Low,Top 10%,Science,76.5,True,False
STU-0274,Avni Shah,Female,60-75%,2,Medium,Lower Quartile,Science,56.4,True,False
STU-0275,Veer Trivedi,Male,75-85%,3,Low,Lower Quartile,Science,52.4,True,False
STU-0276,Harsh Gupta,Male,85-95%,4,Low,Mid Range,Science,70.2,True,False
STU-0277,Yash Gupta,Male,85-95%,4,Low,Top 10%,Science,80.4,True,False
STU-0278,Tara Kapoor,Female,85-95%,4,Low,Mid Range,Science,50.6,True,False
STU-0279,Arjun Thakur,Male,85-95%,4,Low,Mid Range,Science,58.4,True,False
STU-0280,Siddharth Bose,Male,85-95%,4,Low,Mid Range,Science,65.3,True,False
STU-0281,Kabir Agarwal,Male,60-75%,2,High,Lower Quartile,Science,53.8,True,False
STU-0282,Kabir Singh,Male,<60%,1,Medium,Mid Range,Science,62.4,True,False
STU-0283,Pooja Bhatt,Female,75-85%,3,Low,Lower Quartile,Science,51.5,True,False
STU-0284,Karan Rana,Male,85-95%,4,Low,Upper Quartile,Science,86.8,True,True
STU-0285,Kabir Nair,Male,85-95%,4,Low,Lower Quartile,Science,43.9,True,False
STU-0286,Nisha Bose,Female,85-95%,4,Low,Mid Range,Science,58.7,True,False
STU-0287,Rahul Vora,Male,75-85%,3,Low,Top 10%,Science,82.2,True,False
STU-0288,Trisha Shah,Female,75-85%,3,Low,Mid Range,Science,59.1,True,False
STU-0289,Sneha Kulkarni,Female,95-100%,5,Low,Top 10%,Science,79.9,True,False
STU-0290,Rohan Desai,Female,85-95%,4,Low,Mid Range,Science,53.3,True,False
STU-0291,Meera Parekh,Female,85-95%,4,Low,Mid Range,Science,71.7,True,False
STU-0292,Tanmay Nair,Male,95-100%,5,Low,Upper Quartile,Science,72.0,True,False
STU-0293,Trisha Agarwal,Female,85-95%,4,Low,Mid Range,Science,80.2,True,False
STU-0294,Jay Menon,Male,60-75%,2,Medium,Lower Quartile,Science,50.1,True,False
STU-0295,Pihu Joshi,Female,60-75%,2,High,Lower Quartile,Science,54.5,True,False
STU-0296,Vanya Kapoor,Female,85-95%,4,Low,Lower Quartile,Science,56.1,True,False
STU-0297,Anika Jain,Female,75-85%,3,Low,Mid Range,Science,53.0,True,False
STU-0298,Dhruv Malhotra,Male,60-75%,2,High,Lower Quartile,Science,34.0,False,False
STU-0299,Arjun Sharma,Male,95-100%,5,Low,Top 10%,Science,83.6,True,False
STU-0300,Jay Malhotra,Male,75-85%,3,Low,Mid Range,Science,65.8,True,False
STU-0301,Siddharth Jain,Male,85-95%,4,Low,Mid Range,Science,61.5,True,False
STU-0302,Diya Shah,Female,85-95%,4,Low,Top 10%,Science,80.2,True,False
STU-0303,Mihir Bhatt,Male,60-75%,2,Low,Mid Range,Science,57.5,True,False
STU-0304,Priya Kapoor,Female,85-95%,4,Low,Upper Quartile,Science,85.7,True,True
STU-0305,Tara Nair,Female,75-85%,3,Low,Mid Range,Science,65.1,True,False
STU-0306,Dev Thakur,Male,75-85%,3,Low,Top 10%,Science,84.4,True,False
STU-0307,Reyansh Iyer,Male,75-85%,3,Medium,Lower Quartile,Science,50.2,True,False
STU-0308,Pooja Singh,Female,<60%,1,Medium,Mid Range,Science,63.2,True,False
STU-0309,Parth Menon,Male,85-95%,4,Low,Upper Quartile,Science,73.2,True,False
STU-0310,Dev Singh,Male,75-85%,3,Low,Mid Range,Science,58.4,True,False
STU-0311,Aanya Pandey,Female,75-85%,3,Low,Upper Quartile,Science,69.4,True,False
STU-0312,Meera Mehta,Female,85-95%,4,Low,Upper Quartile,Science,79.8,True,False
STU-0313,Ayaan Joshi,Male,85-95%,4,Low,Mid Range,Science,61.7,True,False
STU-0314,Manav Desai,Male,85-95%,4,Low,Mid Range,Science,74.1,True,False
STU-0315,Veer Modi,Male,95-100%,5,Low,Mid Range,Science,74.1,True,False
STU-0316,Ira Rana,Female,85-95%,4,Low,Mid Range,Science,69.2,True,False
STU-0317,Sneha Joshi,Female,60-75%,2,Medium,Mid Range,Science,58.6,True,False
STU-0318,Meera Verma,Female,75-85%,3,Low,Top 10%,Science,88.8,True,True
STU-0319,Riya Iyer,Female,60-75%,2,Medium,Lower Quartile,Science,48.3,True,False
STU-0320,Riya Kulkarni,Female,85-95%,4,Low,Mid Range,Science,65.2,True,False
STU-0321,Yash Agarwal,Male,75-85%,3,Low,Mid Range,Science,50.8,True,False
STU-0322,Harsh Menon,Male,95-100%,5,Low,Upper Quartile,Science,81.6,True,False
STU-0323,Ira Jain,Female,85-95%,4,Low,Top 10%,Science,82.6,True,False
STU-0324,Sneha Singh,Female,85-95%,4,Low,Mid Range,Science,63.9,True,False
STU-0325,Nisha Menon,Female,75-85%,3,Low,Mid Range,Science,70.0,True,False
STU-0326,Ayaan Mehta,Male,75-85%,3,Low,Mid Range,Science,62.8,True,False
STU-0327,Kunal Thakur,Male,75-85%,3,Low,Top 10%,Science,85.7,True,True
STU-0328,Vihaan Thakur,Male,75-85%,3,Low,Mid Range,Science,51.3,True,False
STU-0329,Pranav Menon,Male,75-85%,3,Medium,Lower Quartile,Science,50.7,True,False
STU-0330,Pooja Chauhan,Female,75-85%,3,Low,Mid Range,Science,58.5,True,False
STU-0331,Nisha Iyer,Female,60-75%,2,Medium,Lower Quartile,Science,41.9,True,False
STU-0332,Dhruv Vora,Male,85-95%,4,Low,Mid Range,Science,74.2,True,False
STU-0333,Parth Parekh,Male,60-75%,2,Medium,Lower Quartile,Science,48.9,True,False
STU-0334,Myra Chauhan,Female,85-95%,4,Low,Mid Range,Science,56.1,True,False
STU-0335,Yash Parekh,Male,85-95%,4,Low,Top 10%,Science,93.6,True,True
STU-0336,Nisha Nair,Female,85-95%,4,Medium,Lower Quartile,Science,40.9,True,False
STU-0337,Pihu Kulkarni,Male,85-95%,4,Low,Upper Quartile,Science,76.8,True,False
STU-0338,Yash Rana,Male,75-85%,3,Low,Mid Range,Science,54.5,True,False
STU-0339,Kunal Iyer,Male,<60%,1,Medium,Lower Quartile,Science,60.1,True,False
STU-0340,Naina Trivedi,Female,85-95%,4,Low,Mid Range,Science,65.7,True,False
STU-0341,Shreya Bose,Female,85-95%,4,Low,Top 10%,Science,74.7,True,False
STU-0342,Krish Parekh,Male,85-95%,4,Low,Mid Range,Science,73.5,True,False
STU-0343,Ira Sinha,Female,75-85%,3,Low,Mid Range,Science,67.0,True,False
STU-0344,Anika Kapoor,Female,85-95%,4,Low,Upper Quartile,Science,68.3,True,False
STU-0345,Anika Das,Female,60-75%,2,Medium,Lower Quartile,Science,42.8,True,False
STU-0346,Dhruv Shah,Male,95-100%,5,Low,Top 10%,Science,85.4,True,True
STU-0347,Diya Chauhan,Female,75-85%,3,Low,Lower Quartile,Science,50.7,True,False
STU-0348,Ritika Trivedi,Female,85-95%,4,Low,Mid Range,Science,62.1,True,False
STU-0349,Neel Pandey,Male,85-95%,4,Low,Top 10%,Science,84.3,True,False
STU-0350,Vihaan Malhotra,Male,85-95%,4,Low,Upper Quartile,Science,72.9,True,False
STU-0351,Tara Sharma,Male,75-85%,3,Low,Mid Range,Science,69.7,True,False
STU-0352,Reyansh Chauhan,Male,85-95%,4,Low,Mid Range,Science,50.2,True,False
STU-0353,Kabir Parekh,Female,60-75%,2,High,Lower Quartile,Science,32.6,False,False
STU-0354,Tanmay Kapoor,Male,85-95%,4,Low,Mid Range,Science,61.4,True,False
STU-0355,Aanya Chauhan,Female,75-85%,3,Low,Mid Range,Science,62.6,True,False
STU-0356,Vanya Patel,Female,75-85%,3,Low,Mid Range,Science,64.3,True,False
STU-0357,Harsh Trivedi,Male,<60%,1,High,Lower Quartile,Science,38.9,False,False
STU-0358,Diya Sharma,Female,75-85%,3,Low,Mid Range,Science,54.7,True,False
STU-0359,Arjun Agarwal,Male,<60%,1,Medium,Mid Range,Science,63.2,True,False
STU-0360,Vanya Bhatt,Female,75-85%,3,Low,Lower Quartile,Science,52.4,True,False
STU-0361,Ananya Malhotra,Female,85-95%,4,Low,Mid Range,Science,67.9,True,False
STU-0362,Navya Gupta,Female,85-95%,4,Low,Top 10%,Science,95.8,True,True
STU-0363,Manav Singh,Male,60-75%,2,Medium,Mid Range,Science,52.3,True,False
STU-0364,Nisha Bhatt,Female,75-85%,3,Low,Mid Range,Science,62.3,True,False
STU-0365,Manav Trivedi,Male,75-85%,3,Low,Mid Range,Science,65.7,True,False
STU-0366,Shreya Kulkarni,Female,75-85%,3,Low,Lower Quartile,Science,46.5,True,False
STU-0367,Vihaan Sharma,Male,75-85%,3,High,Lower Quartile,Science,34.0,False,False
STU-0368,Vihaan Mehta,Male,60-75%,2,High,Lower Quartile,Science,39.8,False,False
STU-0369,Ayaan Bhatt,Male,85-95%,4,Low,Mid Range,Science,62.2,True,False
STU-0370,Riya Verma,Female,95-100%,5,Low,Mid Range,Science,67.4,True,False
STU-0371,Tanmay Chauhan,Male,60-75%,2,Medium,Mid Range,Science,61.7,True,False
STU-0372,Kiara Nair,Female,85-95%,4,Low,Mid Range,Science,72.8,True,False
STU-0373,Harsh Rana,Male,85-95%,4,Low,Upper Quartile,Science,81.4,True,False
STU-0374,Ishaan Jain,Male,85-95%,4,Low,Top 10%,Science,83.7,True,False
STU-0375,Shreya Sharma,Female,75-85%,3,Low,Mid Range,Science,63.2,True,False
STU-0376,Tanmay Bhatt,Male,85-95%,4,Low,Mid Range,Science,54.6,True,False
STU-0377,Pihu Bose,Female,60-75%,2,Medium,Lower Quartile,Science,47.5,True,False
STU-0378,Riya Thakur,Female,75-85%,3,Low,Mid Range,Science,67.0,True,False
STU-0379,Karan Das,Male,<60%,1,High,Lower Quartile,Science,35.9,False,False
STU-0380,Aditya Nair,Male,75-85%,3,Low,Mid Range,Science,47.6,True,False
STU-0381,Reyansh Singh,Male,75-85%,3,Low,Lower Quartile,Science,47.6,True,False
STU-0382,Tara Pandey,Female,85-95%,4,Low,Mid Range,Science,70.6,True,False
STU-0383,Aditi Das,Female,75-85%,3,Low,Mid Range,Science,63.1,True,False
STU-0384,Kunal Jain,Male,75-85%,3,Medium,Lower Quartile,Science,44.7,True,False
STU-0385,Ayaan Sinha,Male,60-75%,2,Medium,Lower Quartile,Science,58.0,True,False
STU-0386,Kabir Thakur,Male,75-85%,3,Medium,Lower Quartile,Science,53.7,True,False
STU-0387,Neel Desai,Male,85-95%,4,Low,Mid Range,Science,66.5,True,False
STU-0388,Pooja Menon,Female,85-95%,4,Low,Mid Range,Science,65.9,True,False
STU-0389,Navya Vora,Female,95-100%,5,Low,Top 10%,Science,75.5,True,False
STU-0390,Tanmay Desai,Male,95-100%,5,Low,Top 10%,Science,78.4,True,False
STU-0391,Jiya Shah,Female,85-95%,4,Low,Lower Quartile,Science,54.6,True,False
STU-0392,Kabir Mehta,Male,75-85%,3,Low,Mid Range,Science,58.9,True,False
STU-0393,Kunal Trivedi,Male,75-85%,3,Low,Mid Range,Science,79.2,True,False
STU-0394,Saanvi Mehta,Female,75-85%,3,Low,Mid Range,Science,56.3,True,False
STU-0395,Anika Thakur,Female,75-85%,3,Low,Mid Range,Science,64.6,True,False
STU-0396,Navya Singh,Female,75-85%,3,Low,Mid Range,Science,58.3,True,False
STU-0397,Dhruv Rana,Male,85-95%,4,Low,Mid Range,Science,62.4,True,False
STU-0398,Mihir Nair,Male,85-95%,4,Low,Upper Quartile,Science,75.8,True,False
STU-0399,Mihir Desai,Male,75-85%,3,Low,Upper Quartile,Science,79.1,True,False
STU-0400,Arjun Sinha,Male,60-75%,2,Medium,Lower Quartile,Science,51.4,True,False
STU-0401,Avni Joshi,Female,95-100%,5,Low,Top 10%,Science,78.9,True,False
STU-0402,Pihu Desai,Female,85-95%,4,Low,Upper Quartile,Science,66.8,True,False
STU-0403,Ayaan Verma,Male,75-85%,3,Low,Upper Quartile,Science,67.0,True,False
STU-0404,Ananya Vora,Female,85-95%,4,Low,Top 10%,Science,82.0,True,False
STU-0405,Raj Desai,Male,75-85%,3,Low,Mid Range,Science,65.8,True,False
STU-0406,Aanya Modi,Female,60-75%,2,Medium,Lower Quartile,Science,40.2,True,False
STU-0407,Mihir Modi,Male,85-95%,4,Low,Lower Quartile,Science,56.8,True,False
STU-0408,Rohan Joshi,Male,85-95%,4,Low,Upper Quartile,Science,74.5,True,False
STU-0409,Avni Patel,Female,75-85%,3,Low,Mid Range,Science,58.1,True,False
STU-0410,Krish Bhatt,Male,75-85%,3,Low,Lower Quartile,Science,55.9,True,False
STU-0411,Veer Verma,Male,75-85%,3,Low,Lower Quartile,Science,48.1,True,False
STU-0412,Veer Agarwal,Male,75-85%,3,Low,Mid Range,Science,62.7,True,False
STU-0413,Aditya Reddy,Male,85-95%,4,Low,Mid Range,Science,65.6,True,False
STU-0414,Vihaan Bhatt,Male,75-85%,3,Low,Mid Range,Science,68.5,True,False
STU-0415,Aditya Desai,Male,75-85%,3,Low,Mid Range,Science,78.7,True,False
STU-0416,Aditi Kulkarni,Female,60-75%,2,High,Lower Quartile,Science,38.6,False,False
STU-0417,Ananya Joshi,Female,75-85%,3,Low,Upper Quartile,Science,77.2,True,False
STU-0418,Kabir Das,Male,85-95%,4,Low,Upper Quartile,Science,66.2,True,False
STU-0419,Aditya Agarwal,Male,95-100%,5,Low,Upper Quartile,Science,83.9,True,False
STU-0420,Pooja Joshi,Female,75-85%,3,Low,Mid Range,Science,51.1,True,False
STU-0421,Nisha Sharma,Female,60-75%,2,Low,Mid Range,Science,73.5,True,False
STU-0422,Trisha Reddy,Female,<60%,1,High,Lower Quartile,Science,40.7,True,False
STU-0423,Pooja Shah,Female,75-85%,3,Low,Upper Quartile,Science,82.5,True,False
STU-0424,Ritika Verma,Female,75-85%,3,Low,Mid Range,Science,71.6,True,False
STU-0425,Krish Sinha,Male,85-95%,4,Low,Top 10%,Science,70.8,True,False
STU-0426,Om Pandey,Male,85-95%,4,Low,Mid Range,Science,70.5,True,False
STU-0427,Bhavya Singh,Female,60-75%,2,High,Lower Quartile,Science,50.0,True,False
STU-0428,Trisha Das,Female,85-95%,4,Low,Top 10%,Science,77.9,True,False
STU-0429,Ayaan Sharma,Female,85-95%,4,Low,Mid Range,Science,71.1,True,False
STU-0430,Zara Parekh,Female,85-95%,4,Low,Mid Range,Science,70.6,True,False
STU-0431,Manav Kapoor,Male,60-75%,2,High,Lower Quartile,Science,63.2,True,False
STU-0432,Ritika Sinha,Female,85-95%,4,Low,Mid Range,Science,63.2,True,False
STU-0433,Myra Jain,Female,95-100%,5,Low,Upper Quartile,Science,70.7,True,False
STU-0434,Tanmay Parekh,Male,60-75%,2,Low,Mid Range,Science,58.1,True,False
STU-0435,Sahil Vora,Male,75-85%,3,Low,Top 10%,Science,91.7,True,True
STU-0436,Ishaan Trivedi,Male,75-85%,3,Low,Upper Quartile,Science,73.1,True,False
STU-0437,Sneha Chauhan,Female,85-95%,4,Low,Upper Quartile,Science,82.1,True,False
STU-0438,Naina Thakur,Female,85-95%,4,Low,Upper Quartile,Science,82.9,True,False
STU-0439,Siddharth Rana,Male,85-95%,4,Low,Mid Range,Science,69.0,True,False
STU-0440,Karan Sharma,Male,75-85%,3,Low,Top 10%,Science,85.1,True,True
STU-0441,Myra Vora,Female,85-95%,4,Low,Mid Range,Science,54.2,True,False
STU-0442,Dev Shah,Male,60-75%,2,Medium,Lower Quartile,Science,55.2,True,False
STU-0443,Ishaan Joshi,Male,75-85%,3,Medium,Lower Quartile,Science,38.7,False,False
STU-0444,Siddharth Chauhan,Male,75-85%,3,Low,Mid Range,Science,60.1,True,False
STU-0445,Aanya Rana,Male,85-95%,4,Low,Mid Range,Science,63.2,True,False
STU-0446,Sara Sharma,Female,<60%,1,High,Lower Quartile,Science,54.4,True,False
STU-0447,Harsh Bose,Male,85-95%,4,Low,Mid Range,Science,73.0,True,False
STU-0448,Jiya Nair,Female,85-95%,4,Low,Top 10%,Science,82.6,True,False
STU-0449,Ira Bose,Female,60-75%,2,High,Lower Quartile,Science,49.3,True,False
STU-0450,Om Sinha,Male,85-95%,4,Low,Mid Range,Science,66.5,True,False
STU-0451,Naina Vora,Female,<60%,1,Medium,Upper Quartile,Science,69.0,True,False
STU-0452,Jiya Agarwal,Female,75-85%,3,Low,Upper Quartile,Science,73.4,True,False
STU-0453,Om Chauhan,Male,75-85%,3,Low,Mid Range,Science,56.4,True,False
STU-0454,Karan Malhotra,Male,75-85%,3,Low,Mid Range,Science,60.8,True,False
STU-0455,Pooja Vora,Female,75-85%,3,Low,Mid Range,Science,61.4,True,False
STU-0456,Aditi Parekh,Female,75-85%,3,Low,Mid Range,Science,58.4,True,False
STU-0457,Aarav Modi,Male,85-95%,4,Low,Upper Quartile,Science,74.2,True,False
STU-0458,Naina Das,Female,60-75%,2,Medium,Lower Quartile,Science,46.2,True,False
STU-0459,Pooja Trivedi,Female,95-100%,5,Low,Mid Range,Science,69.5,True,False
STU-0460,Reyansh Vora,Male,95-100%,5,Low,Mid Range,Science,67.8,True,False
STU-0461,Shreya Rana,Female,60-75%,2,Low,Mid Range,Science,67.2,True,False
STU-0462,Arjun Verma,Male,60-75%,2,Medium,Lower Quartile,Science,52.0,True,False
STU-0463,Pihu Patel,Female,75-85%,3,Low,Mid Range,Science,63.2,True,False
STU-0464,Parth Nair,Male,60-75%,2,Low,Top 10%,Science,86.0,True,True
STU-0465,Pranav Thakur,Male,60-75%,2,High,Lower Quartile,Science,53.6,True,False
STU-0466,Navya Sharma,Female,75-85%,3,Low,Mid Range,Science,73.1,True,False
STU-0467,Sahil Reddy,Male,75-85%,3,Low,Mid Range,Science,62.1,True,False
STU-0468,Isha Pandey,Female,75-85%,3,High,Lower Quartile,Science,40.9,True,False
STU-0469,Vihaan Sinha,Male,60-75%,2,Low,Lower Quartile,Science,51.7,True,False
STU-0470,Bhavya Shah,Female,85-95%,4,Low,Mid Range,Science,58.3,True,False
STU-0471,Jiya Menon,Female,85-95%,4,Low,Upper Quartile,Science,79.7,True,False
STU-0472,Navya Verma,Female,95-100%,5,Low,Mid Range,Science,74.6,True,False
STU-0473,Mihir Pandey,Male,75-85%,3,Low,Mid Range,Science,78.7,True,False
STU-0474,Aditya Patel,Male,60-75%,2,Medium,Mid Range,Science,63.2,True,False
STU-0475,Priya Mehta,Female,75-85%,3,Low,Top 10%,Science,84.3,True,False
STU-0476,Trisha Kulkarni,Female,85-95%,4,Low,Lower Quartile,Science,42.3,True,False
STU-0477,Anika Malhotra,Female,85-95%,4,Low,Upper Quartile,Science,77.2,True,False
STU-0478,Rohan Bhatt,Male,<60%,1,High,Lower Quartile,Science,41.8,True,False
STU-0479,Priya Kulkarni,Female,85-95%,4,Low,Mid Range,Science,63.1,True,False
STU-0480,Dev Agarwal,Male,85-95%,4,Low,Mid Range,Science,63.7,True,False
STU-0481,Jay Trivedi,Male,85-95%,4,Low,Mid Range,Science,74.5,True,False
STU-0482,Saanvi Thakur,Female,85-95%,4,Low,Mid Range,Science,62.0,True,False
STU-0483,Karan Reddy,Female,85-95%,4,Low,Mid Range,Science,60.1,True,False
STU-0484,Riya Desai,Female,85-95%,4,Low,Mid Range,Science,68.3,True,False
STU-0485,Neel Bose,Male,75-85%,3,Low,Mid Range,Science,63.2,True,False
STU-0486,Aarav Pandey,Male,95-100%,5,Low,Top 10%,Science,87.1,True,True
STU-0487,Aarav Chauhan,Male,95-100%,5,Low,Upper Quartile,Science,84.1,True,False
STU-0488,Pihu Parekh,Female,95-100%,5,Low,Upper Quartile,Science,71.1,True,False
STU-0489,Riya Gupta,Female,85-95%,4,Low,Top 10%,Science,84.8,True,False
STU-0490,Vanya Vora,Female,60-75%,2,Low,Mid Range,Science,62.7,True,False
STU-0491,Sneha Pandey,Female,85-95%,4,Low,Lower Quartile,Science,47.6,True,False
STU-0492,Sneha Bose,Female,75-85%,3,Low,Lower Quartile,Science,46.0,True,False
STU-0001,Raj Sinha,Male,75-85%,3,Low,Lower Quartile,English,44.3,True,False
STU-0002,Trisha Iyer,Female,85-95%,4,Low,Mid Range,English,56.5,True,False
STU-0003,Ira Verma,Female,75-85%,3,Low,Mid Range,English,67.6,True,False
STU-0004,Raj Mehta,Male,85-95%,4,Low,Mid Range,English,73.1,True,False
STU-0005,Veer Chauhan,Male,75-85%,3,Low,Mid Range,English,63.1,True,False
STU-0006,Trisha Bhatt,Female,75-85%,3,Low,Upper Quartile,English,74.9,True,False
STU-0007,Ishaan Modi,Male,75-85%,3,Low,Lower Quartile,English,54.5,True,False
STU-0008,Myra Bhatt,Female,75-85%,3,Low,Lower Quartile,English,53.2,True,False
STU-0009,Nikhil Reddy,Male,75-85%,3,Low,Mid Range,English,69.4,True,False
STU-0010,Manav Gupta,Male,75-85%,3,Low,Mid Range,English,57.9,True,False
STU-0011,Kavya Nair,Female,60-75%,2,Low,Mid Range,English,67.9,True,False
STU-0012,Aanya Menon,Female,85-95%,4,Low,Lower Quartile,English,61.9,True,False
STU-0013,Saanvi Shah,Female,85-95%,4,Low,Upper Quartile,English,73.8,True,False
STU-0014,Meera Das,Female,85-95%,4,Low,Mid Range,English,71.7,True,False
STU-0015,Pooja Iyer,Female,75-85%,3,Low,Mid Range,English,58.2,True,False
STU-0016,Anika Mehta,Female,60-75%,2,Medium,Lower Quartile,English,57.6,True,False
STU-0017,Nisha Gupta,Female,75-85%,3,Low,Mid Range,English,70.4,True,False
STU-0018,Jay Patel,Male,95-100%,5,Low,Mid Range,English,60.4,True,False
STU-0019,Anika Parekh,Female,60-75%,2,High,Lower Quartile,English,39.4,False,False
STU-0020,Raj Chauhan,Male,95-100%,5,Low,Mid Range,English,62.0,True,False
STU-0021,Riya Reddy,Female,75-85%,3,Low,Mid Range,English,68.6,True,False
STU-0022,Rohan Jain,Male,85-95%,4,Low,Upper Quartile,English,70.5,True,False
STU-0023,Dev Pandey,Male,95-100%,5,Low,Mid Range,English,62.8,True,False
STU-0024,Kiara Bose,Female,85-95%,4,Low,Upper Quartile,English,78.1,True,False
STU-0025,Zara Bose,Female,95-100%,5,Low,Upper Quartile,English,73.0,True,False
STU-0026,Anika Agarwal,Female,85-95%,4,Low,Mid Range,English,65.1,True,False
STU-0027,Tanmay Vora,Male,85-95%,4,Low,Top 10%,English,83.0,True,False
STU-0028,Pooja Parekh,Female,85-95%,4,Low,Mid Range,English,63.0,True,False
STU-0029,Tara Trivedi,Female,75-85%,3,Low,Mid Range,English,63.8,True,False
STU-0030,Manav Thakur,Male,85-95%,4,Low,Mid Range,English,58.2,True,False
STU-0031,Dhruv Mehta,Male,75-85%,3,Low,Mid Range,English,61.8,True,False
STU-0032,Jay Modi,Male,60-75%,2,Medium,Mid Range,English,67.6,True,False
STU-0033,Reyansh Bose,Male,75-85%,3,Low,Mid Range,English,59.5,True,False
STU-0034,Kiara Mehta,Female,75-85%,3,Low,Mid Range,English,65.1,True,False
STU-0035,Pooja Rana,Female,85-95%,4,Low,Mid Range,English,70.4,True,False
STU-0036,Dev Menon,Male,60-75%,2,Low,Mid Range,English,61.5,True,False
STU-0037,Anika Verma,Female,85-95%,4,Low,Mid Range,English,71.6,True,False
STU-0038,Tara Chauhan,Female,85-95%,4,Low,Mid Range,English,70.7,True,False
STU-0039,Ayaan Menon,Male,95-100%,5,Low,Mid Range,English,73.3,True,False
STU-0040,Priya Bose,Female,85-95%,4,Low,Upper Quartile,English,77.7,True,False
STU-0041,Harsh Desai,Male,85-95%,4,Low,Upper Quartile,English,84.8,True,False
STU-0042,Jiya Reddy,Female,75-85%,3,Low,Lower Quartile,English,49.1,True,False
STU-0043,Myra Agarwal,Female,85-95%,4,Low,Mid Range,English,72.1,True,False
STU-0044,Aarav Verma,Male,85-95%,4,Low,Upper Quartile,English,79.6,True,False
STU-0045,Ayaan Iyer,Male,60-75%,2,Low,Mid Range,English,53.9,True,False
STU-0046,Aanya Sharma,Female,95-100%,5,Low,Upper Quartile,English,74.1,True,False
STU-0047,Jay Shah,Male,75-85%,3,Medium,Lower Quartile,English,52.9,True,False
STU-0048,Isha Singh,Female,95-100%,5,Low,Mid Range,English,77.7,True,False
STU-0049,Isha Jain,Female,60-75%,2,Medium,Lower Quartile,English,47.2,True,False
STU-0050,Aditi Jain,Female,60-75%,2,Low,Mid Range,English,67.2,True,False
STU-0051,Kiara Malhotra,Female,60-75%,2,Medium,Mid Range,English,73.6,True,False
STU-0052,Aarav Nair,Male,75-85%,3,Low,Lower Quartile,English,61.2,True,False
STU-0053,Reyansh Sharma,Male,75-85%,3,Low,Mid Range,English,70.5,True,False
STU-0054,Dev Verma,Male,85-95%,4,Low,Mid Range,English,62.8,True,False
STU-0055,Arjun Iyer,Male,75-85%,3,Low,Lower Quartile,English,42.2,True,False
STU-0056,Harsh Joshi,Male,95-100%,5,Low,Mid Range,English,65.7,True,False
STU-0057,Kavya Sharma,Female,85-95%,4,Low,Upper Quartile,English,70.3,True,False
STU-0058,Vihaan Shah,Male,60-75%,2,Low,Mid Range,English,64.8,True,False
STU-0059,Sneha Jain,Female,75-85%,3,Low,Lower Quartile,English,56.6,True,False
STU-0060,Vanya Pandey,Female,75-85%,3,Low,Mid Range,English,60.5,True,False
STU-0061,Myra Bose,Female,75-85%,3,Low,Mid Range,English,69.3,True,False
STU-0062,Saanvi Parekh,Female,95-100%,5,Low,Mid Range,English,59.1,True,False
STU-0063,Kunal Kulkarni,Male,95-100%,5,Low,Upper Quartile,English,76.8,True,False
STU-0064,Sara Shah,Female,95-100%,5,Low,Top 10%,English,92.9,True,True
STU-0065,Parth Singh,Male,85-95%,4,Low,Upper Quartile,English,71.3,True,False
STU-0066,Rohan Patel,Male,85-95%,4,Low,Top 10%,English,88.4,True,True
STU-0067,Shreya Malhotra,Female,85-95%,4,Low,Lower Quartile,English,54.8,True,False
STU-0068,Karan Kapoor,Male,85-95%,4,Low,Mid Range,English,72.4,True,False
STU-0069,Sahil Malhotra,Male,75-85%,3,Low,Mid Range,English,64.6,True,False
STU-0070,Arjun Nair,Male,85-95%,4,Low,Mid Range,English,67.5,True,False
STU-0071,Meera Agarwal,Female,85-95%,4,Low,Upper Quartile,English,75.8,True,False
STU-0072,Jay Rana,Male,60-75%,2,Medium,Lower Quartile,English,46.0,True,False
STU-0073,Dhruv Parekh,Male,75-85%,3,Low,Mid Range,English,62.8,True,False
STU-0074,Rahul Pandey,Male,60-75%,2,High,Lower Quartile,English,43.8,True,False
STU-0075,Aditi Sharma,Female,75-85%,3,Medium,Lower Quartile,English,48.1,True,False
STU-0076,Krish Thakur,Male,85-95%,4,Low,Upper Quartile,English,74.4,True,False
STU-0077,Nikhil Singh,Male,85-95%,4,Low,Lower Quartile,English,59.3,True,False
STU-0078,Dev Nair,Male,85-95%,4,Low,Top 10%,English,94.2,True,True
STU-0079,Isha Iyer,Female,75-85%,3,Low,Mid Range,English,53.7,True,False
STU-0080,Ritika Bose,Female,75-85%,3,Low,Mid Range,English,59.5,True,False
STU-0081,Kiara Pandey,Female,60-75%,2,Low,Lower Quartile,English,59.1,True,False
STU-0082,Dhruv Trivedi,Male,75-85%,3,Low,Mid Range,English,68.8,True,False
STU-0083,Neel Malhotra,Male,75-85%,3,Low,Mid Range,English,70.3,True,False
STU-0084,Aditi Trivedi,Female,75-85%,3,Low,Mid Range,English,71.2,True,False
STU-0085,Ananya Bhatt,Female,75-85%,3,Medium,Lower Quartile,English,44.2,True,False
STU-0086,Shreya Agarwal,Female,85-95%,4,Low,Mid Range,English,77.5,True,False
STU-0087,Sahil Patel,Male,60-75%,2,High,Lower Quartile,English,38.7,False,False
STU-0088,Veer Parekh,Male,75-85%,3,Low,Mid Range,English,69.6,True,False
STU-0089,Sneha Nair,Female,95-100%,5,Low,Top 10%,English,89.9,True,True
STU-0090,Tara Agarwal,Female,85-95%,4,Low,Upper Quartile,English,84.1,True,False
STU-0091,Raj Jain,Male,95-100%,5,Low,Mid Range,English,56.2,True,False
STU-0092,Naina Jain,Female,75-85%,3,Medium,Lower Quartile,English,50.1,True,False
STU-0093,Ananya Pandey,Female,85-95%,4,Low,Upper Quartile,English,81.6,True,False
STU-0094,Vihaan Bose,Male,<60%,1,High,Lower Quartile,English,43.3,True,False
STU-0095,Pihu Chauhan,Female,85-95%,4,Low,Top 10%,English,90.2,True,True
STU-0096,Nikhil Thakur,Male,60-75%,2,High,Lower Quartile,English,51.0,True,False
STU-0097,Tanmay Thakur,Male,85-95%,4,Low,Mid Range,English,53.5,True,False
STU-0098,Naina Gupta,Female,85-95%,4,Low,Upper Quartile,English,76.8,True,False
STU-0099,Ananya Nair,Female,75-85%,3,High,Lower Quartile,English,28.0,False,False
STU-0100,Harsh Malhotra,Male,60-75%,2,Medium,Mid Range,English,50.9,True,False
STU-0101,Naina Nair,Female,60-75%,2,High,Lower Quartile,English,51.1,True,False
STU-0102,Kunal Kapoor,Male,85-95%,4,Medium,Lower Quartile,English,49.9,True,False
STU-0103,Sara Kapoor,Female,75-85%,3,Low,Mid Range,English,64.0,True,False
STU-0104,Siddharth Pandey,Male,85-95%,4,Low,Upper Quartile,English,73.9,True,False
STU-0105,Saanvi Verma,Female,85-95%,4,Low,Mid Range,English,64.1,True,False
STU-0106,Zara Vora,Female,85-95%,4,Low,Mid Range,English,65.8,True,False
STU-0107,Meera Bhatt,Female,75-85%,3,Low,Lower Quartile,English,47.5,True,False
STU-0108,Avni Thakur,Female,85-95%,4,Low,Mid Range,English,64.0,True,False
STU-0109,Siddharth Mehta,Male,75-85%,3,Low,Mid Range,English,58.3,True,False
STU-0110,Aanya Trivedi,Female,85-95%,4,Low,Mid Range,English,57.9,True,False
STU-0111,Jay Sharma,Male,75-85%,3,Medium,Lower Quartile,English,46.8,True,False
STU-0112,Pihu Agarwal,Female,60-75%,2,Low,Mid Range,English,55.8,True,False
STU-0113,Aanya Reddy,Female,75-85%,3,Low,Mid Range,English,75.6,True,False
STU-0114,Rohan Bose,Male,85-95%,4,Low,Mid Range,English,60.7,True,False
STU-0115,Aditi Iyer,Female,<60%,1,High,Lower Quartile,English,50.4,True,False
STU-0116,Kavya Singh,Male,75-85%,3,Low,Top 10%,English,90.9,True,True
STU-0117,Aarav Gupta,Male,75-85%,3,Low,Mid Range,English,68.3,True,False
STU-0118,Ishaan Pandey,Male,85-95%,4,Low,Top 10%,English,90.2,True,True
STU-0119,Ayaan Trivedi,Male,85-95%,4,High,Lower Quartile,English,37.2,False,False
STU-0120,Ishaan Kapoor,Male,75-85%,3,Low,Mid Range,English,62.8,True,False
STU-0121,Raj Verma,Male,75-85%,3,Low,Mid Range,English,56.6,True,False
STU-0122,Meera Desai,Female,60-75%,2,Low,Lower Quartile,English,54.8,True,False
STU-0123,Ritika Desai,Female,85-95%,4,Low,Upper Quartile,English,68.9,True,False
STU-0124,Pranav Das,Male,75-85%,3,Medium,Lower Quartile,English,47.0,True,False
STU-0125,Riya Sharma,Female,60-75%,2,Low,Mid Range,English,60.7,True,False
STU-0126,Meera Bose,Female,75-85%,3,Low,Top 10%,English,81.7,True,False
STU-0127,Ishaan Sharma,Male,75-85%,3,Low,Mid Range,English,65.1,True,False
STU-0128,Ritika Malhotra,Female,75-85%,3,Low,Mid Range,English,61.9,True,False
STU-0129,Tara Thakur,Female,85-95%,4,Low,Mid Range,English,66.1,True,False
STU-0130,Naina Menon,Female,95-100%,5,Low,Top 10%,English,89.2,True,True
STU-0131,Pooja Thakur,Female,75-85%,3,Low,Mid Range,English,58.2,True,False
STU-0132,Pihu Bhatt,Female,75-85%,3,Low,Mid Range,English,68.5,True,False
STU-0133,Dev Das,Male,95-100%,5,Low,Mid Range,English,69.6,True,False
STU-0134,Riya Patel,Female,75-85%,3,Low,Mid Range,English,78.5,True,False
STU-0135,Ira Das,Female,95-100%,5,Low,Top 10%,English,84.8,True,False
STU-0136,Arjun Rana,Male,60-75%,2,Medium,Mid Range,English,70.9,True,False
STU-0137,Ritika Menon,Female,75-85%,3,Low,Mid Range,English,74.9,True,False
STU-0138,Rahul Gupta,Male,85-95%,4,Low,Mid Range,English,70.4,True,False
STU-0139,Harsh Shah,Male,95-100%,5,Low,Top 10%,English,89.3,True,True
STU-0140,Manav Chauhan,Male,60-75%,2,Medium,Lower Quartile,English,55.4,True,False
STU-0141,Shreya Chauhan,Female,60-75%,2,High,Lower Quartile,English,42.2,True,False
STU-0142,Raj Menon,Male,60-75%,2,Medium,Mid Range,English,53.0,True,False
STU-0143,Kunal Pandey,Male,85-95%,4,Low,Upper Quartile,English,78.3,True,False
STU-0144,Veer Iyer,Male,60-75%,2,Medium,Mid Range,English,58.9,True,False
STU-0145,Diya Malhotra,Female,85-95%,4,Low,Mid Range,English,66.2,True,False
STU-0146,Pihu Shah,Female,85-95%,4,Low,Top 10%,English,87.0,True,True
STU-0147,Krish Joshi,Male,85-95%,4,Low,Top 10%,English,83.9,True,False
STU-0148,Rahul Shah,Male,75-85%,3,Low,Lower Quartile,English,53.5,True,False
STU-0149,Trisha Vora,Female,85-95%,4,Low,Upper Quartile,English,77.9,True,False
STU-0150,Veer Thakur,Male,85-95%,4,Low,Mid Range,English,61.7,True,False
STU-0151,Saanvi Chauhan,Female,60-75%,2,Medium,Mid Range,English,68.6,True,False
STU-0152,Reyansh Kapoor,Male,85-95%,4,Low,Mid Range,English,63.2,True,False
STU-0153,Naina Agarwal,Female,75-85%,3,Medium,Lower Quartile,English,42.3,True,False
STU-0154,Arjun Vora,Male,75-85%,3,Low,Mid Range,English,48.2,True,False
STU-0155,Siddharth Sinha,Male,75-85%,3,Low,Upper Quartile,English,74.4,True,False
STU-0156,Naina Singh,Female,60-75%,2,High,Lower Quartile,English,50.3,True,False
STU-0157,Ayaan Vora,Male,60-75%,2,Medium,Mid Range,English,57.6,True,False
STU-0158,Meera Chauhan,Female,95-100%,5,Low,Upper Quartile,English,84.6,True,False
STU-0159,Ritika Rana,Female,<60%,1,High,Lower Quartile,English,46.1,True,False
STU-0160,Kavya Kapoor,Female,60-75%,2,Medium,Mid Range,English,60.9,True,False
STU-0161,Aditi Kapoor,Female,75-85%,3,Low,Mid Range,English,59.4,True,False
STU-0162,Priya Iyer,Female,75-85%,3,Low,Mid Range,English,67.0,True,False
STU-0163,Rahul Chauhan,Male,85-95%,4,Low,Upper Quartile,English,73.2,True,False
STU-0164,Mihir Singh,Male,<60%,1,High,Lower Quartile,English,43.7,True,False
STU-0165,Nikhil Jain,Male,85-95%,4,Low,Mid Range,English,52.4,True,False
STU-0166,Vanya Malhotra,Female,85-95%,4,Low,Upper Quartile,English,75.0,True,False
STU-0167,Manav Verma,Male,75-85%,3,Low,Upper Quartile,English,72.1,True,False
STU-0168,Kabir Reddy,Male,<60%,1,High,Lower Quartile,English,36.0,False,False
STU-0169,Vihaan Verma,Male,85-95%,4,Low,Top 10%,English,83.8,True,False
STU-0170,Karan Singh,Male,75-85%,3,Low,Mid Range,English,64.4,True,False
STU-0171,Aditya Singh,Male,85-95%,4,Low,Upper Quartile,English,73.5,True,False
STU-0172,Veer Vora,Male,75-85%,3,Low,Mid Range,English,57.8,True,False
STU-0173,Ananya Shah,Female,85-95%,4,Low,Mid Range,English,70.3,True,False
STU-0174,Ananya Menon,Female,60-75%,2,Medium,Lower Quartile,English,55.5,True,False
STU-0175,Kiara Chauhan,Female,75-85%,3,Low,Mid Range,English,75.0,True,False
STU-0176,Neel Kulkarni,Male,85-95%,4,Low,Top 10%,English,85.0,True,True
STU-0177,Shreya Patel,Female,85-95%,4,Low,Upper Quartile,English,68.1,True,False
STU-0178,Arjun Gupta,Male,85-95%,4,Low,Upper Quartile,English,77.6,True,False
STU-0179,Sneha Reddy,Female,85-95%,4,Low,Upper Quartile,English,79.5,True,False
STU-0180,Kavya Jain,Female,60-75%,2,Low,Mid Range,English,62.3,True,False
STU-0181,Anika Trivedi,Female,60-75%,2,Low,Mid Range,English,67.8,True,False
STU-0182,Neel Mehta,Male,60-75%,2,High,Lower Quartile,English,30.5,False,False
STU-0183,Yash Mehta,Male,85-95%,4,Low,Mid Range,English,66.5,True,False
STU-0184,Jiya Joshi,Female,60-75%,2,High,Lower Quartile,English,48.7,True,False
STU-0185,Jay Joshi,Male,60-75%,2,High,Lower Quartile,English,53.3,True,False
STU-0186,Karan Pandey,Male,75-85%,3,Low,Upper Quartile,English,65.9,True,False
STU-0187,Rohan Sinha,Male,60-75%,2,Low,Mid Range,English,69.4,True,False
STU-0188,Karan Verma,Female,75-85%,3,Medium,Lower Quartile,English,27.9,False,False
STU-0189,Veer Mehta,Male,85-95%,4,Low,Upper Quartile,English,77.7,True,False
STU-0190,Parth Sinha,Male,75-85%,3,Low,Mid Range,English,66.8,True,False
STU-0191,Sara Nair,Female,95-100%,5,Low,Mid Range,English,68.0,True,False
STU-0192,Isha Malhotra,Female,75-85%,3,Low,Mid Range,English,73.5,True,False
STU-0193,Tara Bose,Female,75-85%,3,Medium,Lower Quartile,English,44.9,True,False
STU-0194,Dhruv Bose,Male,85-95%,4,Low,Mid Range,English,55.9,True,False
STU-0195,Trisha Thakur,Female,75-85%,3,Medium,Lower Quartile,English,47.0,True,False
STU-0196,Reyansh Mehta,Male,95-100%,5,Low,Top 10%,English,81.2,True,False
STU-0197,Vihaan Kulkarni,Male,60-75%,2,Medium,Lower Quartile,English,50.3,True,False
STU-0198,Rohan Das,Male,95-100%,5,Low,Mid Range,English,64.3,True,False
STU-0199,Ayaan Desai,Male,75-85%,3,Low,Mid Range,English,74.8,True,False
STU-0200,Diya Kapoor,Female,60-75%,2,High,Lower Quartile,English,45.2,True,False
STU-0201,Yash Iyer,Male,60-75%,2,High,Lower Quartile,English,46.3,True,False
STU-0202,Naina Desai,Female,75-85%,3,Low,Lower Quartile,English,50.7,True,False
STU-0203,Reyansh Agarwal,Male,85-95%,4,Low,Mid Range,English,70.7,True,False
STU-0204,Navya Nair,Female,85-95%,4,Low,Mid Range,English,53.6,True,False
STU-0205,Mihir Reddy,Male,95-100%,5,Low,Mid Range,English,55.1,True,False
STU-0206,Rahul Trivedi,Male,<60%,1,High,Lower Quartile,English,49.0,True,False
STU-0207,Kiara Shah,Female,75-85%,3,Low,Lower Quartile,English,60.3,True,False
STU-0208,Priya Malhotra,Female,95-100%,5,Low,Upper Quartile,English,72.2,True,False
STU-0209,Arjun Shah,Male,95-100%,5,Low,Upper Quartile,English,78.1,True,False
STU-0210,Ira Shah,Female,85-95%,4,Low,Upper Quartile,English,77.2,True,False
STU-0211,Sahil Chauhan,Male,75-85%,3,Medium,Lower Quartile,English,49.8,True,False
STU-0212,Shreya Joshi,Female,60-75%,2,Low,Mid Range,English,71.6,True,False
STU-0213,Ira Mehta,Female,60-75%,2,Medium,Lower Quartile,English,59.7,True,False
STU-0214,Dhruv Verma,Male,75-85%,3,Low,Mid Range,English,63.0,True,False
STU-0215,Jiya Patel,Female,85-95%,4,Low,Upper Quartile,English,85.9,True,True
STU-0216,Tanmay Shah,Male,85-95%,4,Low,Upper Quartile,English,68.9,True,False
STU-0217,Sahil Jain,Male,60-75%,2,Medium,Lower Quartile,English,51.5,True,False
STU-0218,Nikhil Mehta,Male,95-100%,5,Low,Upper Quartile,English,78.5,True,False
STU-0219,Pranav Bhatt,Male,75-85%,3,Low,Mid Range,English,63.6,True,False
STU-0220,Diya Kulkarni,Female,75-85%,3,Low,Mid Range,English,62.0,True,False
STU-0221,Rohan Gupta,Male,75-85%,3,Low,Mid Range,English,58.6,True,False
STU-0222,Aarav Kapoor,Male,60-75%,2,High,Lower Quartile,English,25.2,False,False
STU-0223,Riya Mehta,Female,85-95%,4,Low,Upper Quartile,English,82.7,True,False
STU-0224,Siddharth Verma,Male,85-95%,4,Low,Lower Quartile,English,40.3,True,False
STU-0225,Meera Trivedi,Female,85-95%,4,Low,Mid Range,English,62.2,True,False
STU-0226,Vihaan Das,Male,85-95%,4,Low,Mid Range,English,65.4,True,False
STU-0227,Pooja Das,Female,85-95%,4,Low,Top 10%,English,83.8,True,False
STU-0228,Pihu Das,Female,95-100%,5,Low,Upper Quartile,English,76.7,True,False
STU-0229,Aditi Malhotra,Female,75-85%,3,Low,Lower Quartile,English,56.1,True,False
STU-0230,Om Mehta,Male,75-85%,3,Low,Upper Quartile,English,73.7,True,False
STU-0231,Raj Iyer,Male,85-95%,4,Low,Lower Quartile,English,41.1,True,False
STU-0232,Aanya Gupta,Female,85-95%,4,Low,Upper Quartile,English,71.0,True,False
STU-0233,Aditya Sharma,Male,85-95%,4,Low,Mid Range,English,63.9,True,False
STU-0234,Avni Mehta,Female,85-95%,4,Low,Lower Quartile,English,59.8,True,False
STU-0235,Raj Bhatt,Male,85-95%,4,Low,Mid Range,English,58.6,True,False
STU-0236,Shreya Reddy,Female,85-95%,4,Low,Mid Range,English,69.2,True,False
STU-0237,Isha Joshi,Female,85-95%,4,Low,Mid Range,English,64.1,True,False
STU-0238,Dev Reddy,Male,75-85%,3,Medium,Lower Quartile,English,49.7,True,False
STU-0239,Kunal Rana,Male,85-95%,4,Low,Mid Range,English,64.2,True,False
STU-0240,Anika Gupta,Female,60-75%,2,Low,Mid Range,English,74.8,True,False
STU-0241,Pranav Joshi,Male,85-95%,4,Low,Mid Range,English,60.0,True,False
STU-0242,Diya Trivedi,Female,60-75%,2,Medium,Upper Quartile,English,72.2,True,False
STU-0243,Neel Shah,Male,60-75%,2,Medium,Lower Quartile,English,33.7,False,False
STU-0244,Anika Shah,Female,85-95%,4,Low,Top 10%,English,74.1,True,False
STU-0245,Saanvi Pandey,Female,75-85%,3,Low,Mid Range,English,61.7,True,False
STU-0246,Dev Gupta,Male,75-85%,3,Low,Mid Range,English,54.2,True,False
STU-0247,Navya Joshi,Female,75-85%,3,Low,Mid Range,English,65.3,True,False
STU-0248,Kabir Menon,Male,85-95%,4,Low,Mid Range,English,68.8,True,False
STU-0249,Aditi Patel,Female,60-75%,2,Medium,Lower Quartile,English,50.0,True,False
STU-0250,Rahul Singh,Male,95-100%,5,Low,Mid Range,English,73.2,True,False
STU-0251,Tanmay Gupta,Male,85-95%,4,Low,Mid Range,English,56.3,True,False
STU-0252,Jay Bhatt,Male,85-95%,4,Low,Lower Quartile,English,60.2,True,False
STU-0253,Kunal Mehta,Male,85-95%,4,Low,Mid Range,English,65.2,True,False
STU-0254,Karan Thakur,Male,75-85%,3,Low,Lower Quartile,English,50.5,True,False
STU-0255,Pihu Verma,Female,60-75%,2,Low,Mid Range,English,65.0,True,False
STU-0256,Sahil Joshi,Male,60-75%,2,High,Lower Quartile,English,36.0,False,False
STU-0257,Anika Iyer,Female,60-75%,2,Medium,Mid Range,English,69.3,True,False
STU-0258,Rahul Menon,Male,75-85%,3,Low,Top 10%,English,79.5,True,False
STU-0259,Om Parekh,Male,75-85%,3,Low,Mid Range,English,75.1,True,False
STU-0260,Saanvi Bose,Female,60-75%,2,Low,Mid Range,English,65.1,True,False
STU-0261,Avni Jain,Female,85-95%,4,Low,Mid Range,English,73.0,True,False
STU-0262,Tanmay Menon,Male,75-85%,3,Low,Mid Range,English,54.9,True,False
STU-0263,Nikhil Chauhan,Male,75-85%,3,Low,Mid Range,English,52.9,True,False
STU-0264,Priya Reddy,Female,85-95%,4,Low,Mid Range,English,81.9,True,False
STU-0265,Vanya Jain,Female,85-95%,4,Low,Top 10%,English,87.5,True,True
STU-0266,Riya Singh,Female,75-85%,3,Low,Lower Quartile,English,54.1,True,False
STU-0267,Jay Desai,Male,85-95%,4,Low,Mid Range,English,59.9,True,False
STU-0268,Vihaan Kapoor,Male,75-85%,3,Low,Lower Quartile,English,56.6,True,False
STU-0269,Kiara Iyer,Female,85-95%,4,Low,Mid Range,English,61.6,True,False
STU-0270,Naina Kapoor,Female,75-85%,3,Low,Mid Range,English,67.9,True,False
STU-0271,Vihaan Vora,Male,75-85%,3,Low,Mid Range,English,59.6,True,False
STU-0272,Parth Bhatt,Male,75-85%,3,Low,Mid Range,English,72.6,True,False
STU-0273,Harsh Modi,Male,95-100%,5,Low,Top 10%,English,83.5,True,False
STU-0274,Avni Shah,Female,60-75%,2,Medium,Lower Quartile,English,52.6,True,False
STU-0275,Veer Trivedi,Male,75-85%,3,Low,Lower Quartile,English,59.3,True,False
STU-0276,Harsh Gupta,Male,85-95%,4,Low,Mid Range,English,62.9,True,False
STU-0277,Yash Gupta,Male,85-95%,4,Low,Top 10%,English,88.3,True,True
STU-0278,Tara Kapoor,Female,85-95%,4,Low,Mid Range,English,66.7,True,False
STU-0279,Arjun Thakur,Male,85-95%,4,Low,Mid Range,English,68.1,True,False
STU-0280,Siddharth Bose,Male,85-95%,4,Low,Mid Range,English,76.8,True,False
STU-0281,Kabir Agarwal,Male,60-75%,2,High,Lower Quartile,English,46.9,True,False
STU-0282,Kabir Singh,Male,<60%,1,Medium,Mid Range,English,61.0,True,False
STU-0283,Pooja Bhatt,Female,75-85%,3,Low,Lower Quartile,English,43.9,True,False
STU-0284,Karan Rana,Male,85-95%,4,Low,Upper Quartile,English,78.8,True,False
STU-0285,Kabir Nair,Male,85-95%,4,Low,Lower Quartile,English,62.7,True,False
STU-0286,Nisha Bose,Female,85-95%,4,Low,Mid Range,English,66.2,True,False
STU-0287,Rahul Vora,Male,75-85%,3,Low,Top 10%,English,88.7,True,True
STU-0288,Trisha Shah,Female,75-85%,3,Low,Mid Range,English,65.1,True,False
STU-0289,Sneha Kulkarni,Female,95-100%,5,Low,Top 10%,English,84.1,True,False
STU-0290,Rohan Desai,Female,85-95%,4,Low,Mid Range,English,56.8,True,False
STU-0291,Meera Parekh,Female,85-95%,4,Low,Mid Range,English,64.9,True,False
STU-0292,Tanmay Nair,Male,95-100%,5,Low,Upper Quartile,English,80.2,True,False
STU-0293,Trisha Agarwal,Female,85-95%,4,Low,Mid Range,English,71.6,True,False
STU-0294,Jay Menon,Male,60-75%,2,Medium,Lower Quartile,English,41.3,True,False
STU-0295,Pihu Joshi,Female,60-75%,2,High,Lower Quartile,English,43.5,True,False
STU-0296,Vanya Kapoor,Female,85-95%,4,Low,Lower Quartile,English,51.2,True,False
STU-0297,Anika Jain,Female,75-85%,3,Low,Mid Range,English,59.1,True,False
STU-0298,Dhruv Malhotra,Male,60-75%,2,High,Lower Quartile,English,49.4,True,False
STU-0299,Arjun Sharma,Male,95-100%,5,Low,Top 10%,English,90.5,True,True
STU-0300,Jay Malhotra,Male,75-85%,3,Low,Mid Range,English,52.0,True,False
STU-0301,Siddharth Jain,Male,85-95%,4,Low,Mid Range,English,74.3,True,False
STU-0302,Diya Shah,Female,85-95%,4,Low,Top 10%,English,89.5,True,True
STU-0303,Mihir Bhatt,Male,60-75%,2,Low,Mid Range,English,51.4,True,False
STU-0304,Priya Kapoor,Female,85-95%,4,Low,Upper Quartile,English,73.1,True,False
STU-0305,Tara Nair,Female,75-85%,3,Low,Mid Range,English,75.3,True,False
STU-0306,Dev Thakur,Male,75-85%,3,Low,Top 10%,English,78.0,True,False
STU-0307,Reyansh Iyer,Male,75-85%,3,Medium,Lower Quartile,English,43.0,True,False
STU-0308,Pooja Singh,Female,<60%,1,Medium,Mid Range,English,68.3,True,False
STU-0309,Parth Menon,Male,85-95%,4,Low,Upper Quartile,English,67.8,True,False
STU-0310,Dev Singh,Male,75-85%,3,Low,Mid Range,English,59.2,True,False
STU-0311,Aanya Pandey,Female,75-85%,3,Low,Upper Quartile,English,78.0,True,False
STU-0312,Meera Mehta,Female,85-95%,4,Low,Upper Quartile,English,73.4,True,False
STU-0313,Ayaan Joshi,Male,85-95%,4,Low,Mid Range,English,56.9,True,False
STU-0314,Manav Desai,Male,85-95%,4,Low,Mid Range,English,70.7,True,False
STU-0315,Veer Modi,Male,95-100%,5,Low,Mid Range,English,75.6,True,False
STU-0316,Ira Rana,Female,85-95%,4,Low,Mid Range,English,70.3,True,False
STU-0317,Sneha Joshi,Female,60-75%,2,Medium,Mid Range,English,67.2,True,False
STU-0318,Meera Verma,Female,75-85%,3,Low,Top 10%,English,84.0,True,False
STU-0319,Riya Iyer,Female,60-75%,2,Medium,Lower Quartile,English,58.7,True,False
STU-0320,Riya Kulkarni,Female,85-95%,4,Low,Mid Range,English,74.4,True,False
STU-0321,Yash Agarwal,Male,75-85%,3,Low,Mid Range,English,58.1,True,False
STU-0322,Harsh Menon,Male,95-100%,5,Low,Upper Quartile,English,65.1,True,False
STU-0323,Ira Jain,Female,85-95%,4,Low,Top 10%,English,73.4,True,False
STU-0324,Sneha Singh,Female,85-95%,4,Low,Mid Range,English,63.2,True,False
STU-0325,Nisha Menon,Female,75-85%,3,Low,Mid Range,English,63.8,True,False
STU-0326,Ayaan Mehta,Male,75-85%,3,Low,Mid Range,English,59.6,True,False
STU-0327,Kunal Thakur,Male,75-85%,3,Low,Top 10%,English,82.1,True,False
STU-0328,Vihaan Thakur,Male,75-85%,3,Low,Mid Range,English,59.8,True,False
STU-0329,Pranav Menon,Male,75-85%,3,Medium,Lower Quartile,English,57.8,True,False
STU-0330,Pooja Chauhan,Female,75-85%,3,Low,Mid Range,English,70.8,True,False
STU-0331,Nisha Iyer,Female,60-75%,2,Medium,Lower Quartile,English,55.3,True,False
STU-0332,Dhruv Vora,Male,85-95%,4,Low,Mid Range,English,70.9,True,False
STU-0333,Parth Parekh,Male,60-75%,2,Medium,Lower Quartile,English,48.5,True,False
STU-0334,Myra Chauhan,Female,85-95%,4,Low,Mid Range,English,62.6,True,False
STU-0335,Yash Parekh,Male,85-95%,4,Low,Top 10%,English,82.7,True,False
STU-0336,Nisha Nair,Female,85-95%,4,Medium,Lower Quartile,English,38.9,False,False
STU-0337,Pihu Kulkarni,Male,85-95%,4,Low,Upper Quartile,English,83.3,True,False
STU-0338,Yash Rana,Male,75-85%,3,Low,Mid Range,English,63.1,True,False
STU-0339,Kunal Iyer,Male,<60%,1,Medium,Lower Quartile,English,52.6,True,False
STU-0340,Naina Trivedi,Female,85-95%,4,Low,Mid Range,English,65.1,True,False
STU-0341,Shreya Bose,Female,85-95%,4,Low,Top 10%,English,84.7,True,False
STU-0342,Krish Parekh,Male,85-95%,4,Low,Mid Range,English,60.4,True,False
STU-0343,Ira Sinha,Female,75-85%,3,Low,Mid Range,English,70.8,True,False
STU-0344,Anika Kapoor,Female,85-95%,4,Low,Upper Quartile,English,75.2,True,False
STU-0345,Anika Das,Female,60-75%,2,Medium,Lower Quartile,English,49.4,True,False
STU-0346,Dhruv Shah,Male,95-100%,5,Low,Top 10%,English,82.3,True,False
STU-0347,Diya Chauhan,Female,75-85%,3,Low,Lower Quartile,English,53.4,True,False
STU-0348,Ritika Trivedi,Female,85-95%,4,Low,Mid Range,English,67.8,True,False
STU-0349,Neel Pandey,Male,85-95%,4,Low,Top 10%,English,87.5,True,True
STU-0350,Vihaan Malhotra,Male,85-95%,4,Low,Upper Quartile,English,72.0,True,False
STU-0351,Tara Sharma,Male,75-85%,3,Low,Mid Range,English,68.4,True,False
STU-0352,Reyansh Chauhan,Male,85-95%,4,Low,Mid Range,English,61.8,True,False
STU-0353,Kabir Parekh,Female,60-75%,2,High,Lower Quartile,English,32.8,False,False
STU-0354,Tanmay Kapoor,Male,85-95%,4,Low,Mid Range,English,59.5,True,False
STU-0355,Aanya Chauhan,Female,75-85%,3,Low,Mid Range,English,64.4,True,False
STU-0356,Vanya Patel,Female,75-85%,3,Low,Mid Range,English,54.4,True,False
STU-0357,Harsh Trivedi,Male,<60%,1,High,Lower Quartile,English,40.3,True,False
STU-0358,Diya Sharma,Female,75-85%,3,Low,Mid Range,English,64.9,True,False
STU-0359,Arjun Agarwal,Male,<60%,1,Medium,Mid Range,English,56.2,True,False
STU-0360,Vanya Bhatt,Female,75-85%,3,Low,Lower Quartile,English,44.6,True,False
STU-0361,Ananya Malhotra,Female,85-95%,4,Low,Mid Range,English,60.8,True,False
STU-0362,Navya Gupta,Female,85-95%,4,Low,Top 10%,English,98.7,True,True
STU-0363,Manav Singh,Male,60-75%,2,Medium,Mid Range,English,66.1,True,False
STU-0364,Nisha Bhatt,Female,75-85%,3,Low,Mid Range,English,64.6,True,False
STU-0365,Manav Trivedi,Male,75-85%,3,Low,Mid Range,English,65.5,True,False
STU-0366,Shreya Kulkarni,Female,75-85%,3,Low,Lower Quartile,English,52.3,True,False
STU-0367,Vihaan Sharma,Male,75-85%,3,High,Lower Quartile,English,41.7,True,False
STU-0368,Vihaan Mehta,Male,60-75%,2,High,Lower Quartile,English,34.3,False,False
STU-0369,Ayaan Bhatt,Male,85-95%,4,Low,Mid Range,English,66.1,True,False
STU-0370,Riya Verma,Female,95-100%,5,Low,Mid Range,English,70.6,True,False
STU-0371,Tanmay Chauhan,Male,60-75%,2,Medium,Mid Range,English,63.4,True,False
STU-0372,Kiara Nair,Female,85-95%,4,Low,Mid Range,English,67.8,True,False
STU-0373,Harsh Rana,Male,85-95%,4,Low,Upper Quartile,English,76.6,True,False
STU-0374,Ishaan Jain,Male,85-95%,4,Low,Top 10%,English,76.8,True,False
STU-0375,Shreya Sharma,Female,75-85%,3,Low,Mid Range,English,61.8,True,False
STU-0376,Tanmay Bhatt,Male,85-95%,4,Low,Mid Range,English,62.2,True,False
STU-0377,Pihu Bose,Female,60-75%,2,Medium,Lower Quartile,English,54.3,True,False
STU-0378,Riya Thakur,Female,75-85%,3,Low,Mid Range,English,66.5,True,False
STU-0379,Karan Das,Male,<60%,1,High,Lower Quartile,English,47.8,True,False
STU-0380,Aditya Nair,Male,75-85%,3,Low,Mid Range,English,60.2,True,False
STU-0381,Reyansh Singh,Male,75-85%,3,Low,Lower Quartile,English,45.2,True,False
STU-0382,Tara Pandey,Female,85-95%,4,Low,Mid Range,English,79.8,True,False
STU-0383,Aditi Das,Female,75-85%,3,Low,Mid Range,English,65.7,True,False
STU-0384,Kunal Jain,Male,75-85%,3,Medium,Lower Quartile,English,39.0,False,False
STU-0385,Ayaan Sinha,Male,60-75%,2,Medium,Lower Quartile,English,56.6,True,False
STU-0386,Kabir Thakur,Male,75-85%,3,Medium,Lower Quartile,English,41.8,True,False
STU-0387,Neel Desai,Male,85-95%,4,Low,Mid Range,English,56.8,True,False
STU-0388,Pooja Menon,Female,85-95%,4,Low,Mid Range,English,66.4,True,False
STU-0389,Navya Vora,Female,95-100%,5,Low,Top 10%,English,79.0,True,False
STU-0390,Tanmay Desai,Male,95-100%,5,Low,Top 10%,English,80.3,True,False
STU-0391,Jiya Shah,Female,85-95%,4,Low,Lower Quartile,English,59.6,True,False
STU-0392,Kabir Mehta,Male,75-85%,3,Low,Mid Range,English,50.9,True,False
STU-0393,Kunal Trivedi,Male,75-85%,3,Low,Mid Range,English,70.6,True,False
STU-0394,Saanvi Mehta,Female,75-85%,3,Low,Mid Range,English,65.0,True,False
STU-0395,Anika Thakur,Female,75-85%,3,Low,Mid Range,English,54.9,True,False
STU-0396,Navya Singh,Female,75-85%,3,Low,Mid Range,English,59.0,True,False
STU-0397,Dhruv Rana,Male,85-95%,4,Low,Mid Range,English,79.6,True,False
STU-0398,Mihir Nair,Male,85-95%,4,Low,Upper Quartile,English,80.7,True,False
STU-0399,Mihir Desai,Male,75-85%,3,Low,Upper Quartile,English,75.3,True,False
STU-0400,Arjun Sinha,Male,60-75%,2,Medium,Lower Quartile,English,48.9,True,False
STU-0401,Avni Joshi,Female,95-100%,5,Low,Top 10%,English,84.9,True,False
STU-0402,Pihu Desai,Female,85-95%,4,Low,Upper Quartile,English,85.3,True,True
STU-0403,Ayaan Verma,Male,75-85%,3,Low,Upper Quartile,English,78.4,True,False
STU-0404,Ananya Vora,Female,85-95%,4,Low,Top 10%,English,83.4,True,False
STU-0405,Raj Desai,Male,75-85%,3,Low,Mid Range,English,70.2,True,False
STU-0406,Aanya Modi,Female,60-75%,2,Medium,Lower Quartile,English,49.4,True,False
STU-0407,Mihir Modi,Male,85-95%,4,Low,Lower Quartile,English,51.3,True,False
STU-0408,Rohan Joshi,Male,85-95%,4,Low,Upper Quartile,English,65.7,True,False
STU-0409,Avni Patel,Female,75-85%,3,Low,Mid Range,English,65.9,True,False
STU-0410,Krish Bhatt,Male,75-85%,3,Low,Lower Quartile,English,52.1,True,False
STU-0411,Veer Verma,Male,75-85%,3,Low,Lower Quartile,English,57.9,True,False
STU-0412,Veer Agarwal,Male,75-85%,3,Low,Mid Range,English,59.6,True,False
STU-0413,Aditya Reddy,Male,85-95%,4,Low,Mid Range,English,68.0,True,False
STU-0414,Vihaan Bhatt,Male,75-85%,3,Low,Mid Range,English,74.5,True,False
STU-0415,Aditya Desai,Male,75-85%,3,Low,Mid Range,English,71.3,True,False
STU-0416,Aditi Kulkarni,Female,60-75%,2,High,Lower Quartile,English,45.3,True,False
STU-0417,Ananya Joshi,Female,75-85%,3,Low,Upper Quartile,English,76.4,True,False
STU-0418,Kabir Das,Male,85-95%,4,Low,Upper Quartile,English,82.6,True,False
STU-0419,Aditya Agarwal,Male,95-100%,5,Low,Upper Quartile,English,66.3,True,False
STU-0420,Pooja Joshi,Female,75-85%,3,Low,Mid Range,English,62.1,True,False
STU-0421,Nisha Sharma,Female,60-75%,2,Low,Mid Range,English,63.7,True,False
STU-0422,Trisha Reddy,Female,<60%,1,High,Lower Quartile,English,44.4,True,False
STU-0423,Pooja Shah,Female,75-85%,3,Low,Upper Quartile,English,73.2,True,False
STU-0424,Ritika Verma,Female,75-85%,3,Low,Mid Range,English,79.1,True,False
STU-0425,Krish Sinha,Male,85-95%,4,Low,Top 10%,English,87.2,True,True
STU-0426,Om Pandey,Male,85-95%,4,Low,Mid Range,English,75.9,True,False
STU-0427,Bhavya Singh,Female,60-75%,2,High,Lower Quartile,English,46.1,True,False
STU-0428,Trisha Das,Female,85-95%,4,Low,Top 10%,English,89.5,True,True
STU-0429,Ayaan Sharma,Female,85-95%,4,Low,Mid Range,English,68.4,True,False
STU-0430,Zara Parekh,Female,85-95%,4,Low,Mid Range,English,69.9,True,False
STU-0431,Manav Kapoor,Male,60-75%,2,High,Lower Quartile,English,28.6,False,False
STU-0432,Ritika Sinha,Female,85-95%,4,Low,Mid Range,English,73.8,True,False
STU-0433,Myra Jain,Female,95-100%,5,Low,Upper Quartile,English,87.2,True,True
STU-0434,Tanmay Parekh,Male,60-75%,2,Low,Mid Range,English,77.0,True,False
STU-0435,Sahil Vora,Male,75-85%,3,Low,Top 10%,English,81.5,True,False
STU-0436,Ishaan Trivedi,Male,75-85%,3,Low,Upper Quartile,English,74.0,True,False
STU-0437,Sneha Chauhan,Female,85-95%,4,Low,Upper Quartile,English,75.8,True,False
STU-0438,Naina Thakur,Female,85-95%,4,Low,Upper Quartile,English,86.0,True,True
STU-0439,Siddharth Rana,Male,85-95%,4,Low,Mid Range,English,56.9,True,False
STU-0440,Karan Sharma,Male,75-85%,3,Low,Top 10%,English,88.9,True,True
STU-0441,Myra Vora,Female,85-95%,4,Low,Mid Range,English,65.9,True,False
STU-0442,Dev Shah,Male,60-75%,2,Medium,Lower Quartile,English,55.4,True,False
STU-0443,Ishaan Joshi,Male,75-85%,3,Medium,Lower Quartile,English,47.0,True,False
STU-0444,Siddharth Chauhan,Male,75-85%,3,Low,Mid Range,English,62.5,True,False
STU-0445,Aanya Rana,Male,85-95%,4,Low,Mid Range,English,60.7,True,False
STU-0446,Sara Sharma,Female,<60%,1,High,Lower Quartile,English,53.5,True,False
STU-0447,Harsh Bose,Male,85-95%,4,Low,Mid Range,English,57.3,True,False
STU-0448,Jiya Nair,Female,85-95%,4,Low,Top 10%,English,87.5,True,True
STU-0449,Ira Bose,Female,60-75%,2,High,Lower Quartile,English,58.0,True,False
STU-0450,Om Sinha,Male,85-95%,4,Low,Mid Range,English,58.5,True,False
STU-0451,Naina Vora,Female,<60%,1,Medium,Upper Quartile,English,74.3,True,False
STU-0452,Jiya Agarwal,Female,75-85%,3,Low,Upper Quartile,English,72.4,True,False
STU-0453,Om Chauhan,Male,75-85%,3,Low,Mid Range,English,62.2,True,False
STU-0454,Karan Malhotra,Male,75-85%,3,Low,Mid Range,English,54.3,True,False
STU-0455,Pooja Vora,Female,75-85%,3,Low,Mid Range,English,55.1,True,False
STU-0456,Aditi Parekh,Female,75-85%,3,Low,Mid Range,English,71.7,True,False
STU-0457,Aarav Modi,Male,85-95%,4,Low,Upper Quartile,English,73.0,True,False
STU-0458,Naina Das,Female,60-75%,2,Medium,Lower Quartile,English,65.1,True,False
STU-0459,Pooja Trivedi,Female,95-100%,5,Low,Mid Range,English,75.9,True,False
STU-0460,Reyansh Vora,Male,95-100%,5,Low,Mid Range,English,68.5,True,False
STU-0461,Shreya Rana,Female,60-75%,2,Low,Mid Range,English,69.9,True,False
STU-0462,Arjun Verma,Male,60-75%,2,Medium,Lower Quartile,English,48.9,True,False
STU-0463,Pihu Patel,Female,75-85%,3,Low,Mid Range,English,71.7,True,False
STU-0464,Parth Nair,Male,60-75%,2,Low,Top 10%,English,80.8,True,False
STU-0465,Pranav Thakur,Male,60-75%,2,High,Lower Quartile,English,50.4,True,False
STU-0466,Navya Sharma,Female,75-85%,3,Low,Mid Range,English,57.1,True,False
STU-0467,Sahil Reddy,Male,75-85%,3,Low,Mid Range,English,61.9,True,False
STU-0468,Isha Pandey,Female,75-85%,3,High,Lower Quartile,English,34.6,False,False
STU-0469,Vihaan Sinha,Male,60-75%,2,Low,Lower Quartile,English,52.0,True,False
STU-0470,Bhavya Shah,Female,85-95%,4,Low,Mid Range,English,67.0,True,False
STU-0471,Jiya Menon,Female,85-95%,4,Low,Upper Quartile,English,79.1,True,False
STU-0472,Navya Verma,Female,95-100%,5,Low,Mid Range,English,70.2,True,False
STU-0473,Mihir Pandey,Male,75-85%,3,Low,Mid Range,English,58.2,True,False
STU-0474,Aditya Patel,Male,60-75%,2,Medium,Mid Range,English,71.2,True,False
STU-0475,Priya Mehta,Female,75-85%,3,Low,Top 10%,English,85.2,True,True
STU-0476,Trisha Kulkarni,Female,85-95%,4,Low,Lower Quartile,English,46.9,True,False
STU-0477,Anika Malhotra,Female,85-95%,4,Low,Upper Quartile,English,76.0,True,False
STU-0478,Rohan Bhatt,Male,<60%,1,High,Lower Quartile,English,33.3,False,False
STU-0479,Priya Kulkarni,Female,85-95%,4,Low,Mid Range,English,78.3,True,False
STU-0480,Dev Agarwal,Male,85-95%,4,Low,Mid Range,English,65.5,True,False
STU-0481,Jay Trivedi,Male,85-95%,4,Low,Mid Range,English,66.2,True,False
STU-0482,Saanvi Thakur,Female,85-95%,4,Low,Mid Range,English,66.9,True,False
STU-0483,Karan Reddy,Female,85-95%,4,Low,Mid Range,English,76.9,True,False
STU-0484,Riya Desai,Female,85-95%,4,Low,Mid Range,English,77.0,True,False
STU-0485,Neel Bose,Male,75-85%,3,Low,Mid Range,English,70.8,True,False
STU-0486,Aarav Pandey,Male,95-100%,5,Low,Top 10%,English,87.6,True,True
STU-0487,Aarav Chauhan,Male,95-100%,5,Low,Upper Quartile,English,65.1,True,False
STU-0488,Pihu Parekh,Female,95-100%,5,Low,Upper Quartile,English,72.2,True,False
STU-0489,Riya Gupta,Female,85-95%,4,Low,Top 10%,English,90.3,True,True
STU-0490,Vanya Vora,Female,60-75%,2,Low,Mid Range,English,75.1,True,False
STU-0491,Sneha Pandey,Female,85-95%,4,Low,Lower Quartile,English,50.4,True,False
STU-0492,Sneha Bose,Female,75-85%,3,Low,Lower Quartile,English,52.7,True,False
